year,Rank,team,All Contracts,All Contract Values,wins,losses,win_loss_perc,points,points_opp,points_diff,g,total_yards,plays_offense,yds_per_play_offense,turnovers,fumbles_lost,first_down,pass_cmp,pass_att,pass_yds,pass_td,pass_int,pass_net_yds_per_att,pass_fd,rush_att,rush_yds,rush_td,rush_yds_per_att,rush_fd,penalties,penalties_yds,pen_fd,score_pct,turnover_pct,exp_pts_tot,playoff
2011,1,Carolina Panthers,3,"$141,000,000",6,10,0.375,406,429,-23,16,6237,999,6.2,23,6,345,312,519,3829,21,17,6.9,175,445,2408,26,5.4,139,113,1013,31,38.5,12.8,39.94,1
2011,2,Seattle Seahawks,9,"$110,185,000",7,9,0.438,321,315,6,16,4861,1003,4.8,23,9,265,299,509,3105,15,14,5.6,153,444,1756,15,4.0,89,138,1047,23,27.8,11.6,-137.47,1
2011,3,New York Jets,5,"$98,052,280",8,8,0.5,377,363,14,16,4989,1030,4.8,34,16,301,310,547,3297,26,18,5.6,173,443,1692,14,3.8,92,102,849,36,29.6,13.8,-156.9,1
2011,4,Arizona Cardinals,13,"$85,065,000",8,8,0.5,312,348,-36,16,5192,993,5.2,32,9,286,307,550,3567,21,23,5.9,175,389,1625,12,4.2,83,106,1004,28,26.1,15.6,-98.26,0
2011,5,New York Giants,8,"$51,140,000",9,7,0.563,394,400,-6,16,6161,1028,6.0,24,8,331,359,589,4734,29,16,7.7,216,411,1427,17,3.5,84,94,795,31,32.5,11.5,-45.79,0
2011,6,Baltimore Ravens,6,"$63,200,000",12,4,0.75,378,266,112,16,5419,1036,5.2,24,12,312,314,544,3423,21,12,5.9,181,459,1996,15,4.3,98,92,742,33,35.5,11.8,-72.94,1
2011,7,San Francisco 49ers,7,"$59,250,000",13,3,0.813,380,229,151,16,4974,993,5.0,10,5,282,277,451,2930,18,5,5.9,150,498,2044,14,4.1,101,113,1014,31,39.6,5.2,-152.56,0
2011,8,Atlanta Falcons,7,"$84,350,000",10,6,0.625,402,350,52,16,6026,1073,5.6,21,8,349,365,594,4192,29,13,6.8,215,453,1834,14,4.0,100,93,769,34,37.4,10.7,-22.37,0
2011,9,Dallas Cowboys,4,"$30,250,000",8,8,0.5,369,347,22,16,6008,1017,5.9,21,9,327,376,570,4201,33,12,6.9,219,408,1807,5,4.4,91,114,816,17,37.8,11.4,-45.46,1
2011,10,Chicago Bears,7,"$30,625,000",8,8,0.5,353,341,12,16,5026,978,5.1,29,9,271,268,473,3011,18,20,5.8,153,456,2015,10,4.4,97,104,800,21,28.6,14.6,-192.92,1
2011,11,Detroit Lions,7,"$21,470,000",10,6,0.625,474,387,87,16,6337,1058,6.0,23,7,349,423,666,4814,41,16,6.9,244,356,1523,9,4.3,71,128,1075,34,37.6,10.7,33.96,1
2011,12,Indianapolis Colts,3,"$15,600,000",2,14,0.125,243,430,-187,16,4589,951,4.8,29,15,258,302,534,2995,14,14,5.3,170,382,1594,8,4.2,69,76,549,19,24.2,15.6,-156.99,1
2011,14,Cincinnati Bengals,6,"$15,000,000",9,7,0.563,344,323,21,16,5118,1015,5.0,22,8,285,308,535,3340,21,14,6.0,160,455,1778,10,3.9,93,99,874,32,32.5,9.6,-104.83,1
2011,15,San Diego Chargers,13,"$89,758,000",8,8,0.5,406,377,29,16,6290,1048,6.0,28,8,359,366,582,4426,27,20,7.2,234,436,1864,16,4.3,97,91,753,28,41.3,16.3,-30.34,1
2011,16,St. Louis Rams,4,"$4,985,000",2,14,0.125,193,407,-214,16,4537,1013,4.5,23,13,267,292,549,2870,9,10,4.8,159,409,1667,7,4.1,79,112,899,29,18.9,11.2,-237.06,0
2011,17,Oakland Raiders,2,"$2,610,000",8,8,0.5,359,433,-74,16,6072,1015,6.0,30,7,328,315,524,3962,20,23,7.2,186,466,2110,16,4.5,110,163,1358,32,34.7,15.5,-151.03,0
2011,18,Denver Broncos,3,"$4,635,000",8,8,0.5,309,390,-81,16,5066,1017,5.0,30,17,286,217,429,2434,20,13,5.2,130,546,2632,11,4.8,129,101,843,27,24.5,14.2,-154.77,1
2011,19,Cleveland Browns,4,"$11,025,000",4,12,0.25,218,307,-89,16,4621,1024,4.5,19,6,278,320,570,3090,16,13,5.1,173,415,1531,4,3.7,77,95,847,28,24.4,10.0,-180.18,1
2011,20,Minnesota Vikings,4,"$15,720,000",3,13,0.188,340,449,-109,16,5275,1007,5.2,26,9,297,286,510,2957,20,17,5.3,159,448,2318,18,5.2,118,109,908,20,31.7,13.2,-77.5,0
2011,21,Tennessee Titans,8,"$17,450,000",9,7,0.563,325,317,8,16,5361,984,5.4,22,8,281,353,584,3923,22,14,6.5,185,376,1438,8,3.8,71,104,960,25,31.4,11.7,-77.3,1
2011,22,New England Patriots,7,"$23,185,000",13,3,0.813,513,342,171,16,6848,1082,6.3,17,5,399,402,612,5084,39,12,7.9,262,438,1764,18,4.0,107,87,815,30,47.2,8.3,99.08,0
2011,23,Miami Dolphins,3,"$28,000,000",6,10,0.375,329,313,16,16,5078,990,5.1,25,12,287,280,469,3091,20,13,5.9,166,469,1987,11,4.2,89,85,779,32,32.8,12.8,-126.5,0
2011,24,Green Bay Packers,3,"$31,650,000",15,1,0.938,560,359,201,16,6482,988,6.6,14,6,353,376,552,4924,51,8,8.3,230,395,1558,12,3.9,89,76,591,34,48.3,6.1,92.5,0
2011,25,Pittsburgh Steelers,9,"$35,701,000",12,4,0.75,325,227,98,16,5957,1015,5.9,28,13,341,341,539,4054,21,15,7.0,221,434,1903,13,4.4,96,101,854,24,33.9,16.7,-91.67,0
2011,26,Kansas City Chiefs,8,"$35,815,000",7,9,0.438,212,338,-126,16,4973,1021,4.9,28,10,277,299,500,3080,13,18,5.8,163,487,1893,5,3.9,89,110,916,25,22.2,12.7,-185.47,1
2011,27,Buffalo Bills,4,"$40,200,000",6,10,0.375,372,434,-62,16,5624,992,5.7,30,5,313,356,578,3703,24,25,6.2,180,391,1921,12,4.9,100,86,743,33,31.2,15.9,-104.05,0
2011,28,New Orleans Saints,7,"$64,360,000",13,3,0.813,547,339,208,16,7474,1117,6.7,19,5,416,472,662,5347,46,14,7.8,280,431,2127,16,4.9,116,99,851,20,51.4,10.9,165.64,0
2011,29,Jacksonville Jaguars,6,"$76,500,000",5,11,0.313,243,329,-86,16,4149,1002,4.1,23,8,251,240,469,2179,12,15,4.2,122,489,1970,9,4.0,103,77,680,26,22.7,11.3,-229.23,1
2011,30,Houston Texans,6,"$85,950,000",10,6,0.625,381,278,103,16,5954,1046,5.7,20,11,321,288,467,3506,20,9,7.0,176,546,2448,18,4.5,131,99,852,14,37.2,10.5,-63.12,1
2011,31,Tampa Bay Buccaneers,8,"$116,798,270",4,12,0.25,287,494,-207,16,5108,966,5.3,40,16,277,365,588,3650,17,24,5.9,180,346,1458,9,4.2,74,123,1007,23,28.7,20.4,-185.87,0
2011,32,Philadelphia Eagles,5,"$120,110,000",8,8,0.5,396,328,68,16,6386,1036,6.2,38,13,356,330,554,4110,22,25,7.0,197,450,2276,20,5.1,134,107,853,25,34.7,17.9,-37.96,1
2012,2,Buffalo Bills,6,"$127,712,500",6,10,0.375,344,435,-91,16,5486,983,5.6,34,17,301,309,511,3269,24,17,6.0,176,442,2217,12,5.0,103,104,871,22,30.0,17.4,-100.38,1
2012,3,St. Louis Rams,16,"$88,925,000",7,8,0.469,299,348,-49,16,5264,1002,5.3,22,8,287,332,557,3550,22,14,6.0,189,410,1714,5,4.2,79,130,978,19,27.5,11.0,-136.28,0
2012,4,Dallas Cowboys,9,"$83,965,000",8,8,0.5,376,400,-24,16,5994,1049,5.7,29,10,338,434,658,4729,29,19,6.8,237,355,1265,8,3.6,76,117,853,25,36.7,15.0,-39.11,1
2012,5,Tampa Bay Buccaneers,18,"$163,727,555",7,9,0.438,389,394,-5,16,5820,1008,5.8,23,6,301,311,566,3983,27,17,6.7,188,416,1837,13,4.4,89,101,819,24,35.2,10.9,-32.9,0
2012,6,San Francisco 49ers,13,"$74,445,000",11,4,0.719,397,273,124,16,5789,969,6.0,16,8,322,289,436,3298,23,8,6.9,172,492,2491,17,5.1,128,109,960,22,39.3,7.9,-15.31,1
2012,7,Tennessee Titans,10,"$62,202,000",6,10,0.375,330,471,-141,16,5010,957,5.2,28,12,260,318,540,3323,17,16,5.7,166,378,1687,10,4.5,70,106,847,24,27.7,14.9,-109.54,0
2012,8,Cleveland Browns,6,"$43,400,000",5,11,0.313,302,368,-66,16,5028,998,5.0,26,8,279,328,566,3435,16,18,5.7,185,396,1593,12,4.0,71,113,1005,23,29.8,12.0,-139.68,1
2012,9,San Diego Chargers,22,"$115,580,000",7,9,0.438,350,350,0,16,4756,988,4.8,26,11,293,338,528,3295,26,15,5.7,184,411,1461,4,3.6,81,103,796,28,30.6,13.9,-125.47,0
2012,10,Denver Broncos,18,"$151,140,000",13,3,0.813,481,289,192,16,6366,1090,5.8,25,14,380,402,588,4534,37,11,7.4,232,481,1832,12,3.8,112,100,805,36,39.9,12.2,54.27,1
2012,11,Chicago Bears,17,"$41,025,000",10,6,0.625,375,277,98,16,4969,999,5.0,24,8,292,287,485,2999,21,16,5.7,163,470,1970,11,4.2,99,102,811,30,30.3,11.8,-115.17,1
2012,12,Philadelphia Eagles,12,"$73,287,000",4,12,0.25,280,444,-164,16,5665,1079,5.3,37,22,332,367,618,3791,18,15,5.7,190,413,1874,10,4.5,111,98,813,31,29.9,17.9,-174.47,1
2012,13,Atlanta Falcons,9,"$36,398,000",13,3,0.813,419,299,120,16,5906,1021,5.8,18,4,343,422,615,4509,32,14,7.0,247,378,1397,12,3.7,70,55,415,26,44.0,10.3,-18.12,1
2012,14,Green Bay Packers,9,"$31,240,001",11,5,0.688,433,336,97,16,5751,1042,5.5,16,8,341,374,558,4049,40,8,6.6,213,433,1702,9,3.9,85,103,923,43,37.6,8.1,25.77,0
2012,15,Carolina Panthers,6,"$16,075,000",7,9,0.438,357,363,-6,16,5771,988,5.8,22,10,328,284,490,3683,19,12,7.0,171,462,2088,21,4.5,123,98,835,34,32.6,10.3,2.08,0
2012,16,Kansas City Chiefs,10,"$39,767,000",2,14,0.125,211,425,-214,16,5108,1015,5.0,37,17,286,273,475,2713,8,20,5.3,144,500,2395,9,4.8,118,92,733,24,24.2,18.8,-203.56,1
2012,17,New England Patriots,23,"$61,072,120",12,4,0.75,557,331,226,16,6846,1191,5.7,16,7,444,402,641,4662,34,9,7.0,256,523,2184,25,4.2,151,97,840,37,48.1,8.1,118.97,1
2012,18,Baltimore Ravens,17,"$96,691,000",10,6,0.625,398,344,54,16,5640,1042,5.4,16,5,314,334,560,3739,22,11,6.3,182,444,1901,17,4.3,98,121,1127,34,35.8,7.8,22.03,0
2012,19,Seattle Seahawks,13,"$59,740,000",11,5,0.688,412,245,167,16,5610,974,5.8,18,8,311,259,405,3031,27,10,6.9,153,536,2579,16,4.8,129,110,890,29,39.4,10.0,9.07,1
2012,20,Cincinnati Bengals,10,"$49,840,000",10,6,0.625,391,320,71,16,5323,1016,5.2,26,10,292,335,540,3578,28,16,6.1,173,430,1745,11,4.1,95,99,857,24,35.4,12.8,-90.48,0
2012,21,Indianapolis Colts,10,"$50,950,001",11,5,0.688,357,387,-30,16,5799,1109,5.2,27,9,360,339,628,4128,23,18,6.2,208,440,1671,11,3.8,110,94,801,42,33.3,13.9,-73.11,0
2012,22,Jacksonville Jaguars,18,"$85,626,875",2,14,0.125,255,444,-189,16,4788,994,4.8,26,9,269,328,586,3419,20,17,5.4,157,358,1369,5,3.8,76,101,955,36,25.5,12.8,-192.09,1
2012,23,Arizona Cardinals,16,"$40,472,000",5,11,0.313,250,357,-107,16,4209,1018,4.1,34,13,246,337,608,3005,11,21,4.5,168,352,1204,10,3.4,58,102,857,20,22.0,14.8,-297.04,1
2012,24,Houston Texans,11,"$33,530,000",12,4,0.75,416,331,85,16,5953,1090,5.5,17,4,341,354,554,3830,22,13,6.6,205,508,2123,19,4.2,114,108,873,22,35.6,8.4,-20.08,0
2012,25,Miami Dolphins,15,"$40,907,500",7,9,0.438,288,317,-29,16,4984,981,5.1,26,13,288,293,504,3182,13,13,5.9,158,440,1802,15,4.1,93,82,724,37,27.4,12.9,-88.66,0
2012,26,New York Giants,8,"$6,640,000",9,7,0.563,429,344,85,16,5687,968,5.9,21,6,327,323,539,3825,26,15,6.8,187,409,1862,18,4.6,103,72,578,37,43.8,11.9,-14.71,0
2012,27,New York Jets,14,"$13,961,181",6,10,0.375,281,375,-94,16,4787,1034,4.6,37,18,299,272,493,2891,14,19,5.4,162,494,1896,12,3.8,102,83,708,35,24.2,17.5,-166.55,1
2012,28,Oakland Raiders,14,"$14,685,000",4,12,0.25,290,443,-153,16,5504,1032,5.3,26,10,300,376,629,4084,24,16,6.2,200,376,1420,4,3.8,72,108,939,28,31.4,12.8,-118.39,1
2012,29,Pittsburgh Steelers,16,"$17,287,000",8,8,0.5,336,314,22,16,5324,1023,5.2,30,16,307,354,574,3787,27,14,6.2,202,412,1537,8,3.7,80,92,938,25,33.9,15.6,-108.05,0
2012,30,Detroit Lions,22,"$29,367,000",4,12,0.25,372,437,-65,16,6540,1160,5.6,33,16,382,445,740,4927,22,17,6.4,272,391,1613,17,4.1,84,103,944,26,36.0,15.2,-59.66,0
2012,31,Minnesota Vikings,10,"$44,600,000",10,6,0.625,379,348,31,16,5385,1001,5.4,23,11,306,300,483,2751,18,12,5.3,163,486,2634,16,5.4,113,90,830,30,37.9,12.6,-59.9,1
2012,32,New Orleans Saints,19,"$122,430,000",7,9,0.438,461,454,7,16,6574,1067,6.2,24,5,352,423,671,4997,43,19,7.2,267,370,1577,10,4.3,64,104,911,21,37.4,12.1,74.33,0
2013,1,Miami Dolphins,16,"$160,973,750",8,8,0.5,317,335,-18,16,5007,1001,5.0,26,7,278,357,594,3567,24,19,5.5,205,349,1440,8,4.1,61,70,598,12,29.9,13.4,-18.67,0
2013,2,Indianapolis Colts,11,"$124,580,000",11,5,0.688,391,336,55,16,5468,1023,5.3,14,4,318,350,582,3725,23,10,6.1,191,409,1743,15,4.3,88,66,576,39,38.8,6.9,98.0,0
2013,3,Chicago Bears,28,"$73,756,200",8,8,0.5,445,478,-33,16,6109,1013,6.0,23,10,344,373,579,4281,32,13,7.0,215,404,1828,13,4.5,102,85,708,27,39.0,12.1,75.28,0
2013,4,St. Louis Rams,9,"$83,971,154",7,9,0.438,348,364,-16,16,4877,968,5.0,21,10,282,301,506,3125,22,11,5.8,165,426,1752,10,4.1,82,123,1009,35,31.5,11.4,-11.2,0
2013,5,New England Patriots,18,"$89,770,000",12,4,0.75,444,338,106,16,6152,1138,5.4,20,9,378,380,628,4087,25,11,6.1,225,470,2065,19,4.4,110,69,625,43,40.8,10.0,100.43,0
2013,6,Tennessee Titans,21,"$111,525,000",7,9,0.438,362,381,-19,16,5390,1032,5.2,25,9,311,328,533,3496,22,16,6.1,172,462,1894,16,4.1,103,101,900,36,34.2,11.4,46.52,0
2013,7,Minnesota Vikings,14,"$93,190,000",5,10,0.344,391,480,-89,16,5508,1013,5.4,32,13,309,325,546,3427,18,19,5.8,173,423,2081,23,4.9,106,70,695,30,34.4,14.9,24.52,0
2013,8,Atlanta Falcons,6,"$62,190,000",4,12,0.25,353,443,-90,16,5490,1024,5.4,28,11,330,445,659,4243,26,17,6.0,227,321,1247,11,3.9,64,91,788,39,34.1,14.5,48.53,1
2013,9,Cleveland Browns,22,"$97,810,000",4,12,0.25,308,406,-98,16,5423,1078,5.0,29,9,301,379,681,4040,26,20,5.5,200,348,1383,4,4.0,77,104,920,24,26.2,13.8,-83.4,0
2013,10,Philadelphia Eagles,11,"$96,395,000",10,6,0.625,442,382,60,16,6676,1054,6.3,19,10,355,310,508,4110,32,9,7.4,197,500,2566,19,5.1,133,95,846,25,36.8,9.0,134.05,1
2013,11,Kansas City Chiefs,15,"$70,920,000",11,5,0.688,430,305,125,16,5396,1029,5.2,18,10,323,333,546,3340,24,8,5.7,179,442,2056,17,4.7,110,101,774,34,32.0,9.1,38.85,1
2013,12,Denver Broncos,13,"$60,895,000",13,3,0.813,606,399,207,16,7317,1156,6.3,26,16,435,461,675,5444,55,10,7.8,293,461,1873,16,4.1,107,117,1000,35,47.5,10.4,277.21,0
2013,13,Detroit Lions,22,"$97,100,000",7,9,0.438,395,376,19,16,6274,1102,5.7,34,15,350,371,634,4482,29,19,6.8,221,445,1792,15,4.0,106,110,925,23,32.1,17.3,25.59,1
2013,14,Baltimore Ravens,24,"$66,490,000",8,8,0.5,320,352,-32,16,4918,1090,4.5,29,6,295,363,619,3590,19,23,5.4,189,423,1328,7,3.1,68,112,942,38,30.9,13.5,-95.39,0
2013,15,San Diego Chargers,18,"$50,960,000",9,7,0.563,396,348,48,16,6293,1060,5.9,21,10,373,378,544,4328,32,11,7.5,230,486,1965,9,4.0,104,95,765,39,44.9,11.4,186.29,0
2013,16,Cincinnati Bengals,15,"$55,856,000",11,5,0.688,430,305,125,16,5891,1097,5.4,30,10,330,364,587,4136,33,20,6.7,205,481,1755,14,3.6,101,102,1000,24,32.3,14.9,33.5,0
2013,17,Arizona Cardinals,19,"$48,963,750",10,6,0.625,379,324,55,16,5542,1037,5.3,31,9,329,363,574,4002,24,22,6.5,205,422,1540,12,3.6,84,96,744,40,33.0,15.5,-5.74,0
2013,18,New Orleans Saints,17,"$47,260,000",11,5,0.688,414,304,110,16,6391,1079,5.9,19,7,359,446,651,4918,39,12,7.1,244,391,1473,10,3.8,87,95,817,28,40.3,8.3,169.86,1
2013,19,Oakland Raiders,26,"$46,495,000",4,12,0.25,322,453,-131,16,5340,1000,5.3,31,11,275,298,519,3340,17,20,5.9,168,437,2000,16,4.6,90,116,912,17,27.8,14.9,-52.12,0
2013,20,Houston Texans,10,"$31,552,500",2,14,0.125,276,428,-152,16,5556,1089,5.1,31,9,307,371,633,3813,19,22,5.6,198,414,1743,7,4.2,90,112,1138,19,25.9,14.9,-85.06,1
2013,21,Seattle Seahawks,10,"$24,066,000",13,3,0.813,417,231,186,16,5424,973,5.6,19,10,307,267,420,3236,27,9,7.0,160,509,2188,14,4.3,116,128,1183,31,40.7,9.3,60.55,1
2013,22,Buffalo Bills,13,"$29,000,000",6,10,0.375,339,388,-49,16,5410,1116,4.8,27,12,301,299,522,3103,16,15,5.4,149,546,2307,15,4.2,113,110,954,39,29.9,12.1,-59.11,0
2013,23,San Francisco 49ers,17,"$28,260,001",12,4,0.75,406,272,134,16,5180,961,5.4,18,10,286,244,417,2979,21,8,6.5,148,505,2201,18,4.4,115,103,845,23,37.8,9.0,58.16,0
2013,24,Jacksonville Jaguars,13,"$19,275,000",4,12,0.25,247,449,-202,16,4701,1020,4.6,27,6,271,349,592,3441,16,21,5.4,176,378,1260,7,3.3,71,96,797,24,23.6,13.8,-130.11,0
2013,25,New York Jets,18,"$26,652,500",8,8,0.5,290,387,-97,16,5090,1020,5.0,29,7,280,266,480,2932,13,22,5.6,154,493,2158,12,4.4,105,108,837,21,29.6,14.8,-94.9,0
2013,26,Green Bay Packers,3,"$12,795,000",8,7,0.531,417,428,-11,16,6404,1074,6.0,25,9,351,366,570,4268,25,16,6.9,201,459,2136,17,4.7,119,86,801,31,40.9,12.4,113.82,0
2013,27,Carolina Panthers,13,"$15,837,500",12,4,0.75,366,241,125,16,5069,999,5.1,19,6,319,292,473,3043,24,13,5.9,169,483,2026,14,4.2,122,80,671,28,36.5,9.4,90.4,0
2013,29,New York Giants,13,"$12,460,000",7,9,0.438,294,383,-89,16,4920,988,5.0,44,15,280,325,567,3588,18,29,5.9,176,381,1332,11,3.5,77,91,786,27,25.5,20.1,-106.96,0
2013,30,Tampa Bay Buccaneers,19,"$19,380,000",4,12,0.25,288,389,-101,16,4432,981,4.5,21,9,269,291,514,2820,22,12,5.0,157,420,1612,6,3.8,75,121,1136,37,27.1,9.6,-79.47,1
2013,31,Pittsburgh Steelers,12,"$14,145,000",8,8,0.5,379,370,9,16,5400,1023,5.3,24,10,312,377,586,4017,28,14,6.4,207,394,1383,9,3.5,81,80,677,24,35.4,12.7,26.81,0
2013,32,Dallas Cowboys,11,"$9,030,294",8,8,0.5,439,432,7,16,5458,957,5.7,20,8,325,375,586,3954,33,12,6.4,213,336,1504,12,4.5,80,102,867,32,39.9,9.8,88.89,0
2014,1,Denver Broncos,9,"$128,820,000",12,4,0.75,482,354,128,16,6446,1067,6.0,20,5,360,399,607,4661,40,15,7.5,227,443,1785,15,4.0,98,120,1045,35,39.9,9.6,140.4,0
2014,2,Tampa Bay Buccaneers,17,"$146,870,000",2,14,0.125,277,410,-133,16,4672,936,5.0,33,13,263,301,531,3297,21,20,5.7,162,353,1375,7,3.9,72,118,939,29,26.7,17.2,-67.27,1
2014,3,Miami Dolphins,16,"$100,775,000",8,8,0.5,388,373,15,16,5601,1040,5.4,23,11,361,394,595,3729,27,12,5.8,226,399,1872,12,4.7,99,81,635,36,37.6,10.5,74.78,0
2014,5,Oakland Raiders,18,"$104,930,000",3,13,0.188,253,452,-199,16,4515,994,4.5,29,13,248,365,629,3275,22,16,5.0,173,337,1240,4,3.7,56,116,939,19,22.7,13.6,-139.47,0
2014,6,New Orleans Saints,18,"$95,220,000",7,9,0.438,401,424,-23,16,6582,1095,6.0,30,13,395,456,659,4764,33,17,6.9,258,406,1818,16,4.5,101,80,670,36,39.1,16.7,151.45,1
2014,7,New York Giants,25,"$111,055,000",6,10,0.375,380,400,-20,16,5875,1086,5.4,28,14,336,383,607,4272,30,14,6.7,218,449,1603,13,3.6,83,101,896,35,34.7,12.4,40.61,0
2014,8,Chicago Bears,29,"$99,895,001",5,11,0.313,319,442,-123,16,5233,1005,5.2,29,10,322,396,609,3792,30,19,5.8,194,355,1441,8,4.1,91,113,997,37,27.8,16.1,-11.8,1
2014,9,Indianapolis Colts,20,"$85,440,000",11,5,0.688,458,369,89,16,6506,1105,5.9,31,15,371,410,661,4894,42,16,7.1,251,415,1612,9,3.9,80,105,848,40,39.5,14.6,83.73,0
2014,10,New York Jets,17,"$88,685,000",4,12,0.25,283,401,-118,16,5226,1052,5.0,24,9,289,287,498,2946,16,15,5.4,154,507,2280,11,4.5,112,109,932,23,31.7,11.8,-44.92,1
2014,11,Atlanta Falcons,16,"$98,435,000",6,10,0.375,381,417,-36,16,6051,1035,5.8,23,8,330,418,632,4553,28,15,6.9,233,372,1498,11,4.0,75,97,840,22,38.9,13.1,61.55,1
2014,12,Cleveland Browns,16,"$75,955,000",7,9,0.438,299,337,-38,16,5193,1010,5.1,23,7,294,274,502,3465,12,16,6.5,179,477,1728,17,3.6,88,116,932,27,28.0,10.9,-21.15,1
2014,13,Baltimore Ravens,18,"$83,640,000",10,6,0.625,409,302,107,16,5838,1021,5.7,20,8,345,344,554,3819,27,12,6.7,194,448,2019,16,4.5,113,111,870,38,39.6,9.9,135.24,1
2014,14,Jacksonville Jaguars,11,"$87,710,000",3,13,0.188,249,412,-163,16,4634,988,4.7,26,8,271,325,557,3001,15,18,4.8,154,360,1633,9,4.5,86,73,573,31,22.6,12.8,-120.53,1
2014,15,Arizona Cardinals,15,"$64,960,000",11,5,0.688,310,299,11,16,5116,993,5.2,17,5,302,320,568,3808,21,12,6.4,191,397,1308,6,3.3,67,91,707,44,30.9,9.4,-9.8,1
2014,16,New England Patriots,16,"$66,770,000",12,4,0.75,468,313,155,16,5848,1073,5.5,13,4,361,392,609,4121,34,9,6.5,228,438,1727,13,3.9,96,120,1080,37,45.3,7.2,181.12,1
2014,17,Detroit Lions,14,"$57,978,529",11,5,0.688,321,282,39,16,5452,1045,5.2,20,8,310,365,604,4030,22,12,6.2,210,396,1422,11,3.6,72,118,989,28,32.4,9.5,50.59,0
2014,18,Tennessee Titans,17,"$67,125,000",2,14,0.125,254,438,-184,16,4859,919,5.3,26,10,258,299,513,3412,20,16,6.1,159,356,1447,6,4.1,75,111,961,24,23.6,12.6,-88.85,1
2014,19,St. Louis Rams,11,"$41,785,498",6,10,0.375,324,354,-30,16,5035,957,5.3,27,11,288,327,515,3400,20,16,6.0,189,395,1635,11,4.1,79,123,1139,20,29.6,14.0,-44.13,1
2014,20,Minnesota Vikings,16,"$58,345,000",7,9,0.438,325,343,-18,16,5048,981,5.1,20,2,288,322,517,3244,17,18,5.7,171,413,1804,12,4.4,90,100,836,27,31.8,10.8,6.55,1
2014,21,Buffalo Bills,15,"$59,440,000",9,7,0.563,343,289,54,16,5096,1020,5.0,23,10,273,363,579,3614,23,13,5.8,186,402,1482,7,3.7,65,124,1031,22,32.5,11.2,-43.33,0
2014,22,Philadelphia Eagles,11,"$39,375,000",10,6,0.625,474,400,74,16,6348,1127,5.6,36,15,356,384,621,4356,27,21,6.7,218,474,1992,16,4.2,109,115,995,29,36.9,17.2,35.17,1
2014,23,Green Bay Packers,8,"$47,348,125",12,4,0.75,486,348,138,16,6178,1001,6.2,13,7,356,349,536,4261,38,6,7.5,222,435,1917,14,4.4,104,92,775,30,46.7,7.1,172.28,1
2014,24,San Francisco 49ers,9,"$34,150,000",8,8,0.5,306,340,-34,16,5239,1009,5.2,22,12,303,292,487,3063,20,10,5.7,165,470,2176,10,4.6,104,116,937,34,30.9,11.8,13.79,1
2014,25,Pittsburgh Steelers,15,"$49,060,000",11,5,0.688,436,368,68,16,6577,1068,6.2,21,11,379,411,612,4825,33,10,7.5,243,423,1752,10,4.1,98,103,834,38,41.4,11.5,156.58,0
2014,26,Houston Texans,16,"$29,909,705",9,7,0.563,372,307,65,16,5513,1062,5.2,22,9,313,295,485,3352,22,13,6.6,171,551,2161,12,3.9,108,94,834,34,33.0,11.3,13.01,0
2014,27,San Diego Chargers,16,"$29,005,000",9,7,0.563,348,348,0,16,5465,1009,5.4,23,5,326,380,574,4098,31,18,6.7,214,398,1367,6,3.4,75,111,967,37,33.9,12.6,64.94,0
2014,28,Kansas City Chiefs,17,"$24,420,000",9,7,0.563,353,281,72,16,5100,962,5.3,17,11,309,320,493,3182,18,6,5.9,184,420,1918,18,4.6,92,88,681,33,35.8,9.2,52.61,1
2014,29,Seattle Seahawks,14,"$26,650,000",12,4,0.75,394,254,140,16,6012,1021,5.9,14,7,328,287,454,3250,20,7,6.6,160,525,2762,20,5.3,144,130,1009,24,40.6,6.9,137.18,1
2014,30,Carolina Panthers,17,"$35,299,000",7,8,0.469,339,374,-35,16,5547,1060,5.2,23,11,347,327,545,3511,23,12,6.0,199,473,2036,10,4.3,117,83,756,31,34.8,11.8,44.08,0
2014,31,Dallas Cowboys,12,"$40,316,000",12,4,0.75,467,352,115,16,6138,1014,6.1,25,14,342,328,476,3784,37,11,7.5,205,508,2354,16,4.6,106,105,839,31,43.6,12.8,174.23,1
2014,32,Cincinnati Bengals,8,"$7,115,000",10,5,0.656,365,344,21,16,5568,1018,5.5,26,9,313,323,503,3421,20,17,6.5,164,492,2147,19,4.4,122,102,812,27,34.0,13.1,13.84,0
2015,1,Miami Dolphins,15,"$154,780,000",6,10,0.375,310,389,-79,16,5307,977,5.4,19,7,291,365,588,3811,24,12,6.0,194,344,1496,11,4.3,72,134,1090,25,25.7,9.6,-4.88,0
2015,2,Jacksonville Jaguars,9,"$177,105,000",5,11,0.313,376,448,-72,16,5581,1012,5.5,28,10,313,355,607,4108,35,18,6.2,215,354,1473,5,4.2,69,105,880,29,34.2,14.0,-28.13,0
2015,3,New York Jets,20,"$181,996,060",10,6,0.625,387,314,73,16,5925,1074,5.5,24,8,329,362,604,4057,33,16,6.5,210,448,1868,11,4.2,99,96,787,20,35.7,11.6,72.26,0
2015,4,Oakland Raiders,17,"$148,365,000",7,9,0.438,359,399,-40,16,5336,1008,5.3,24,10,300,373,605,3879,34,14,6.1,193,370,1457,7,3.9,74,139,1102,33,31.8,10.3,4.72,1
2015,5,Tennessee Titans,17,"$135,215,000",3,13,0.188,299,423,-124,16,4988,976,5.1,33,16,298,342,551,3503,25,17,5.8,195,371,1485,10,4.0,66,93,779,37,25.7,16.2,-89.79,0
2015,6,Buffalo Bills,13,"$71,915,000",8,8,0.5,379,359,20,16,5775,1016,5.7,19,10,297,295,465,3343,23,9,6.6,155,509,2432,19,4.8,122,143,1249,20,34.9,8.6,37.71,0
2015,7,Arizona Cardinals,14,"$71,690,000",13,3,0.813,489,313,176,16,6533,1041,6.3,24,11,373,353,562,4616,35,13,7.8,237,452,1917,16,4.2,92,94,758,44,42.5,11.8,148.43,1
2015,8,Kansas City Chiefs,9,"$91,045,000",11,5,0.688,405,287,118,16,5299,955,5.5,15,8,303,310,473,3255,20,7,6.3,155,436,2044,19,4.7,116,104,878,32,37.9,7.1,41.53,0
2015,9,Chicago Bears,24,"$89,565,000",6,10,0.375,335,397,-62,16,5514,1025,5.4,21,9,312,334,523,3660,21,12,6.6,177,468,1854,13,4.0,108,99,909,27,37.4,11.2,8.41,0
2015,10,Philadelphia Eagles,8,"$59,450,000",7,9,0.438,377,430,-53,16,5830,1102,5.3,31,13,339,405,623,4087,23,18,6.2,193,442,1743,15,3.9,110,104,819,36,29.1,15.3,1.07,0
2015,11,Indianapolis Colts,15,"$81,318,529",8,8,0.5,333,408,-75,16,5142,1052,4.9,30,11,311,355,619,3704,26,19,5.6,195,396,1438,6,3.6,77,108,931,39,29.4,14.4,-51.38,0
2015,13,San Francisco 49ers,13,"$59,825,000",5,11,0.313,238,387,-149,16,4860,969,5.0,17,5,261,322,526,3316,16,12,5.7,154,390,1544,7,4.0,83,113,823,24,25.8,8.2,-46.9,0
2015,14,San Diego Chargers,8,"$57,675,000",4,12,0.25,320,398,-78,16,5949,1100,5.4,24,11,344,442,667,4591,30,13,6.5,230,393,1358,4,3.5,79,117,942,35,33.7,12.4,10.76,1
2015,15,New York Giants,23,"$74,555,000",6,10,0.375,420,442,-22,16,5952,1053,5.7,21,7,331,392,623,4343,36,14,6.7,208,403,1609,5,4.0,77,102,777,46,38.2,11.3,31.24,0
2015,16,Cleveland Browns,9,"$45,300,000",3,13,0.188,278,432,-154,16,5311,1042,5.1,30,18,307,371,609,3782,20,12,5.7,192,380,1529,5,4.0,81,120,1083,34,29.8,15.2,-66.22,0
2015,17,Houston Texans,17,"$51,525,000",9,7,0.563,339,313,26,16,5564,1127,4.9,20,8,335,358,619,3833,29,12,5.9,210,472,1731,7,3.7,90,107,910,35,28.9,9.8,-38.02,0
2015,18,St. Louis Rams,7,"$42,530,017",7,9,0.438,280,330,-50,16,4761,920,5.2,22,11,241,273,473,2805,11,11,5.7,126,429,1956,16,4.6,92,122,1057,23,24.5,10.2,-87.66,1
2015,19,New Orleans Saints,17,"$40,350,000",7,9,0.438,408,476,-68,16,6461,1096,5.9,20,8,381,460,667,4970,32,12,7.1,247,397,1491,16,3.8,98,130,1112,36,36.3,10.4,146.68,1
2015,20,Atlanta Falcons,16,"$55,640,000",8,8,0.5,339,345,-6,16,5985,1073,5.6,30,13,359,410,621,4379,21,17,6.7,230,420,1606,13,3.8,95,100,969,34,34.5,17.2,52.68,0
2015,21,Baltimore Ravens,11,"$35,785,000",5,11,0.313,328,401,-73,16,5749,1083,5.3,28,7,323,426,676,4271,21,21,6.1,211,383,1478,8,3.9,89,122,1153,23,33.3,14.0,-47.16,1
2015,22,Cincinnati Bengals,10,"$56,290,000",12,4,0.75,419,279,140,16,5728,1004,5.7,17,8,324,334,505,3923,31,9,7.3,191,467,1805,18,3.9,99,111,917,34,39.6,9.3,82.59,1
2015,23,Seattle Seahawks,10,"$28,840,000",10,6,0.625,423,277,146,16,6058,1035,5.9,16,8,335,333,489,3790,34,8,7.1,190,500,2268,10,4.5,128,117,1007,17,42.0,8.6,129.31,1
2015,24,New England Patriots,19,"$35,210,000",12,4,0.75,465,315,150,16,5991,1050,5.7,14,7,348,404,629,4587,36,7,6.9,230,383,1404,14,3.7,87,96,860,31,43.2,5.7,138.04,0
2015,25,Denver Broncos,14,"$31,560,000",12,4,0.75,355,296,59,16,5688,1056,5.4,31,8,314,368,606,3970,19,23,6.2,201,411,1718,13,4.2,85,115,1063,28,31.2,15.1,-50.98,1
2015,26,Tampa Bay Buccaneers,13,"$39,113,125",6,10,0.375,342,417,-75,16,6014,1017,5.9,28,13,336,312,535,3852,22,15,6.9,201,455,2162,12,4.8,99,143,1195,36,35.8,14.8,40.62,0
2015,27,Dallas Cowboys,12,"$34,776,600",4,12,0.25,275,374,-99,16,5361,969,5.5,33,11,307,334,528,3471,16,22,6.2,175,408,1890,8,4.6,94,112,882,38,31.4,18.0,-51.92,0
2015,28,Minnesota Vikings,8,"$14,530,000",11,5,0.688,365,302,63,16,5139,973,5.3,17,8,297,294,454,2928,14,9,5.9,153,474,2211,18,4.7,113,88,797,31,38.4,9.3,29.39,1
2015,29,Carolina Panthers,8,"$9,755,000",15,1,0.938,500,308,192,16,5871,1060,5.5,19,9,357,300,501,3589,35,10,6.7,197,526,2282,19,4.3,136,103,887,24,42.9,9.6,115.28,1
2015,30,Detroit Lions,13,"$19,170,000",7,9,0.438,358,400,-42,16,5547,1030,5.4,24,10,337,420,632,4212,33,14,6.2,236,354,1335,7,3.8,71,104,930,30,34.6,12.3,31.8,1
2015,31,Pittsburgh Steelers,11,"$13,880,000",10,6,0.625,423,319,104,16,6327,1011,6.3,28,7,331,391,590,4603,26,21,7.4,207,388,1724,16,4.4,91,94,868,33,40.5,13.7,22.98,1
2015,32,Green Bay Packers,3,"$5,420,000",10,6,0.625,368,323,45,16,5353,1056,5.1,17,9,317,348,573,3503,31,8,5.7,173,436,1850,8,4.2,100,105,906,44,33.3,8.9,40.61,1
2016,1,New York Giants,19,"$214,645,000",11,5,0.688,310,284,26,16,5291,1018,5.2,27,11,289,377,598,3879,26,16,6.3,190,398,1412,6,3.5,73,88,857,26,27.5,13.0,-74.19,0
2016,2,Jacksonville Jaguars,11,"$224,540,000",3,13,0.188,318,400,-82,16,5359,1052,5.1,29,13,321,369,626,3728,24,16,5.6,207,392,1631,8,4.2,75,129,1187,39,31.4,13.6,-67.5,0
2016,3,Oakland Raiders,10,"$156,125,000",12,4,0.75,416,385,31,16,5973,1048,5.7,14,7,333,379,596,4051,29,7,6.6,198,434,1922,17,4.4,98,147,1247,37,38.7,7.2,-24.48,1
2016,4,Houston Texans,12,"$140,695,000",9,7,0.563,279,328,-49,16,5035,1071,4.7,24,8,305,347,583,3176,15,16,5.2,173,456,1859,8,4.1,102,87,868,30,31.4,11.4,-102.3,1
2016,5,Philadelphia Eagles,11,"$116,500,000",7,9,0.438,367,331,36,16,5398,1080,5.0,20,6,333,380,609,3585,16,14,5.6,192,438,1813,16,4.1,114,113,945,27,37.6,11.2,-45.33,1
2016,7,Atlanta Falcons,23,"$122,315,000",11,5,0.688,540,406,134,16,6653,995,6.7,11,4,379,374,537,4725,38,7,8.2,239,421,1928,20,4.6,108,104,848,32,52.6,6.3,212.07,0
2016,8,Chicago Bears,32,"$130,095,000",3,13,0.188,279,399,-120,16,5704,967,5.9,31,12,324,347,559,3969,19,19,6.8,212,380,1735,10,4.6,93,110,967,19,27.3,17.4,-70.06,1
2016,9,Kansas City Chiefs,11,"$72,410,000",12,4,0.75,389,311,78,16,5488,990,5.5,17,9,305,365,546,3740,19,8,6.5,197,412,1748,15,4.2,86,109,848,22,37.1,9.0,-23.04,0
2016,10,Tampa Bay Buccaneers,9,"$75,800,000",9,7,0.563,354,369,-15,16,5542,1066,5.2,27,9,340,355,578,3926,29,18,6.4,220,453,1616,8,3.6,80,109,926,40,32.4,14.8,-33.29,1
2016,11,New York Jets,17,"$64,525,000",5,11,0.313,275,409,-134,16,5268,1003,5.3,34,9,291,311,550,3466,16,25,5.9,166,418,1802,10,4.3,97,93,837,28,29.7,17.8,-79.69,1
2016,12,Detroit Lions,21,"$70,985,000",9,7,0.563,346,358,-12,16,5421,981,5.5,15,5,329,388,594,4111,24,10,6.5,217,350,1310,9,3.7,76,100,861,36,41.0,9.0,30.86,1
2016,13,New Orleans Saints,23,"$75,320,000",7,9,0.438,469,454,15,16,6816,1105,6.2,24,9,395,472,674,5074,38,15,7.2,265,404,1742,17,4.3,105,107,969,25,45.9,12.7,76.86,0
2016,14,San Diego Chargers,12,"$70,415,000",5,11,0.313,410,423,-13,16,5708,1014,5.6,35,14,340,349,580,4198,33,21,6.8,214,398,1510,10,3.8,90,107,780,36,38.1,18.2,-29.1,0
2016,15,Seattle Seahawks,16,"$61,380,000",10,5,0.656,354,292,62,16,5715,1012,5.6,18,6,313,368,567,4124,23,12,6.8,203,403,1591,13,3.9,85,117,970,25,37.3,9.7,-11.48,1
2016,16,Baltimore Ravens,9,"$50,430,000",8,8,0.5,343,321,22,16,5563,1079,5.2,23,7,316,439,679,4100,20,16,5.8,205,367,1463,10,4.0,79,125,1111,32,35.6,10.5,-86.39,1
2016,17,Tennessee Titans,11,"$56,985,000",9,7,0.563,381,378,3,16,5728,1008,5.7,18,7,322,307,504,3541,29,11,6.7,175,476,2187,16,4.6,115,110,1012,32,36.4,9.8,-10.0,0
2016,18,Dallas Cowboys,16,"$53,870,000",13,3,0.813,421,306,115,16,6027,1010,6.0,15,9,358,325,483,3631,25,6,7.1,191,499,2396,24,4.8,142,105,879,25,43.9,8.7,86.3,1
2016,19,Minnesota Vikings,14,"$54,415,000",8,8,0.5,327,307,20,16,5041,1006,5.0,16,11,303,414,588,3836,20,5,6.1,209,380,1205,9,3.2,66,103,882,28,32.8,7.5,-60.91,0
2016,20,Los Angeles Rams,12,"$43,376,666",4,12,0.25,224,394,-170,16,4203,960,4.4,29,9,245,312,536,2951,14,20,5.0,151,375,1252,9,3.3,68,126,1091,26,21.8,14.5,-190.35,0
2016,21,Miami Dolphins,16,"$33,310,000",10,6,0.625,363,380,-17,16,5324,913,5.8,23,8,278,316,477,3500,27,15,6.9,167,406,1824,14,4.5,90,125,1142,21,30.7,11.1,-48.39,1
2016,22,New England Patriots,15,"$38,335,000",14,2,0.875,441,250,191,16,6180,1056,5.9,11,9,351,368,550,4308,32,2,7.5,203,482,1872,19,3.9,109,93,819,39,42.9,4.9,113.38,1
2016,23,Cleveland Browns,10,"$36,435,000",1,15,0.063,264,452,-188,16,4976,983,5.1,25,11,296,338,567,3264,15,14,5.2,181,350,1712,13,4.9,83,95,736,32,27.2,13.3,-72.41,1
2016,24,Denver Broncos,12,"$76,435,000",9,7,0.563,333,297,36,16,5169,1020,5.1,25,14,290,339,570,3685,20,11,6.0,181,410,1484,11,3.6,76,119,985,33,30.3,11.6,-94.99,1
2016,25,Arizona Cardinals,10,"$20,706,900",7,8,0.469,418,362,56,16,5868,1086,5.4,28,11,368,383,646,4136,28,17,6.0,229,399,1732,20,4.3,97,104,889,42,35.0,14.2,-25.79,0
2016,26,Indianapolis Colts,12,"$28,080,000",8,8,0.5,411,392,19,16,5830,1037,5.6,22,7,351,370,584,4202,32,15,6.7,220,409,1628,13,4.0,93,103,883,38,40.6,12.2,68.23,1
2016,27,San Francisco 49ers,6,"$16,819,000",2,14,0.125,309,480,-171,16,4930,996,4.9,25,15,287,287,491,2911,21,10,5.4,152,458,2019,15,4.4,116,99,831,19,27.4,10.7,-75.71,0
2016,28,Pittsburgh Steelers,6,"$27,315,000",11,5,0.688,399,327,72,16,5962,1026,5.8,18,3,336,381,596,4202,33,15,6.8,210,409,1760,13,4.3,97,112,1068,29,38.5,9.9,-22.48,0
2016,29,Cincinnati Bengals,7,"$18,980,000",6,9,0.406,325,315,10,16,5711,1050,5.4,17,9,341,364,563,3942,18,8,6.5,204,446,1769,17,4.0,100,88,726,37,35.8,8.5,30.41,0
2016,30,Green Bay Packers,5,"$15,300,000",10,6,0.625,432,388,44,16,5900,1029,5.7,17,9,349,403,620,4199,40,8,6.4,222,374,1701,11,4.5,91,100,827,36,43.8,9.1,115.16,0
2016,31,Carolina Panthers,9,"$14,460,000",6,10,0.375,369,402,-33,16,5499,1052,5.2,29,10,318,306,563,3685,21,19,6.2,194,453,1814,16,4.0,99,98,835,25,34.7,14.0,-81.23,1
2016,32,Buffalo Bills,19,"$14,655,000",7,9,0.438,399,378,21,16,5666,1012,5.6,12,5,328,286,474,3036,17,7,5.8,155,492,2630,29,5.3,146,112,960,27,36.7,6.8,60.85,0
2017,1,Jacksonville Jaguars,17,"$179,260,000",10,6,0.625,417,268,149,16,5855,1078,5.4,23,10,332,316,527,3593,21,13,6.5,193,527,2262,18,4.3,101,112,936,38,34.7,11.1,-36.01,1
2017,2,Chicago Bears,30,"$137,663,750",5,11,0.313,264,320,-56,16,4599,934,4.9,22,10,266,291,473,2811,13,12,5.5,144,422,1788,13,4.2,92,115,943,30,24.1,12.1,-115.2,1
2017,3,San Francisco 49ers,22,"$149,502,000",6,10,0.375,331,383,-52,16,5587,1058,5.3,23,8,321,362,607,3925,15,15,6.0,206,408,1662,15,4.1,88,123,988,27,37.5,12.0,-173.95,1
2017,4,Cleveland Browns,5,"$110,720,000",0,16,0.0,234,410,-176,16,4942,1008,4.9,41,13,290,312,574,3228,15,28,5.2,157,384,1714,11,4.5,97,110,924,36,22.0,21.0,-233.13,1
2017,5,New Orleans Saints,25,"$125,755,000",11,5,0.688,448,326,122,16,6259,1000,6.3,18,10,332,386,536,4189,23,8,7.5,201,444,2070,23,4.7,111,105,967,20,44.6,9.1,7.38,1
2017,6,Detroit Lions,18,"$106,475,000",9,7,0.563,410,376,34,16,5404,980,5.5,22,11,296,374,570,4183,29,11,6.8,210,363,1221,10,3.4,58,104,968,28,37.3,11.9,-93.68,1
2017,7,Minnesota Vikings,8,"$114,850,000",13,3,0.813,382,252,130,16,5710,1055,5.4,14,6,334,357,527,3753,25,8,6.8,196,501,1957,15,3.9,100,100,949,38,38.9,7.6,-54.08,1
2017,8,New England Patriots,8,"$90,825,000",13,3,0.813,458,296,162,16,6307,1070,5.9,12,4,389,389,587,4418,32,8,7.1,232,448,1889,16,4.2,107,95,835,50,49.4,6.9,114.84,1
2017,9,Carolina Panthers,11,"$97,850,000",11,5,0.688,363,327,36,16,5179,1026,5.0,22,6,320,293,501,3077,22,16,5.7,167,490,2102,15,4.3,121,83,682,32,37.4,11.7,-100.34,1
2017,10,Tampa Bay Buccaneers,15,"$86,670,000",5,11,0.313,335,382,-47,16,5814,1035,5.6,27,13,352,378,605,4366,26,14,6.8,243,390,1448,8,3.7,76,104,795,33,33.7,15.4,-52.32,0
2017,11,Tennessee Titans,12,"$95,700,000",9,7,0.563,334,356,-22,16,5024,974,5.2,25,8,290,306,496,3191,14,17,6.0,157,443,1833,18,4.1,97,85,785,36,35.1,12.6,-134.32,1
2017,12,Indianapolis Colts,16,"$93,985,000",4,12,0.25,263,404,-141,16,4553,994,4.6,15,6,267,285,487,2892,13,9,5.3,148,451,1661,11,3.7,94,92,779,25,29.4,8.3,-189.77,1
2017,13,Los Angeles Rams,11,"$91,654,999",11,5,0.688,478,329,149,16,5784,1000,5.8,21,14,311,320,518,3831,28,7,7.0,185,454,1953,17,4.3,97,107,922,29,45.3,9.5,-43.18,0
2017,14,Baltimore Ravens,13,"$110,300,000",9,7,0.563,395,303,92,16,4886,1054,4.6,17,4,311,363,567,3030,20,13,5.1,168,460,1856,14,4.0,111,91,749,32,36.5,8.9,-132.06,1
2017,15,Buffalo Bills,27,"$96,325,000",9,7,0.563,302,359,-57,16,4842,1010,4.8,16,6,278,289,476,2825,16,10,5.4,149,487,2017,12,4.1,105,98,872,24,31.7,8.9,-156.16,1
2017,17,Denver Broncos,9,"$70,415,000",5,11,0.313,289,382,-93,16,5185,1075,4.8,34,12,297,332,566,3333,19,22,5.4,180,457,1852,8,4.1,92,113,885,25,26.4,16.6,-165.14,0
2017,18,Los Angeles Chargers,7,"$60,905,000",9,7,0.563,355,272,83,16,6026,1020,5.9,15,4,337,366,583,4431,28,11,7.4,220,419,1595,10,3.8,84,108,927,33,33.3,8.5,-17.69,0
2017,19,New York Jets,19,"$59,855,000",5,11,0.313,298,382,-84,16,4884,984,5.0,24,12,269,323,510,3182,19,12,5.7,157,427,1702,13,4.0,77,119,1035,35,28.6,11.1,-119.83,0
2017,20,Philadelphia Eagles,9,"$49,460,000",13,3,0.813,457,295,162,16,5852,1073,5.5,20,11,338,341,564,3737,38,9,6.2,193,473,2115,9,4.5,108,116,962,37,40.3,9.4,21.06,0
2017,21,Miami Dolphins,11,"$41,774,445",6,10,0.375,281,393,-112,16,4923,995,4.9,29,8,284,373,602,3535,24,21,5.6,187,360,1388,4,3.9,66,137,1154,31,25.8,15.3,-156.17,1
2017,22,New York Giants,12,"$41,555,000",3,13,0.188,246,388,-142,16,5028,1036,4.9,22,8,271,373,608,3479,20,14,5.4,178,394,1549,6,3.9,66,91,895,27,22.7,11.3,-167.56,0
2017,23,Atlanta Falcons,9,"$36,220,000",10,6,0.625,353,315,38,16,5837,984,5.9,18,6,330,343,530,3990,21,12,7.2,200,430,1847,12,4.3,101,102,918,29,41.2,10.3,-46.05,0
2017,24,Seattle Seahawks,17,"$30,720,000",9,7,0.563,366,332,34,16,5286,1007,5.2,17,5,299,340,555,3657,34,12,6.1,183,409,1629,4,4.0,85,148,1342,31,30.5,8.6,-78.12,1
2017,25,Dallas Cowboys,14,"$40,805,000",9,7,0.563,354,332,22,16,5311,1005,5.3,22,9,314,309,493,3141,22,13,6.0,162,480,2170,18,4.5,127,97,939,25,36.3,11.1,-40.65,1
2017,26,Green Bay Packers,10,"$39,640,001",7,9,0.438,320,384,-64,16,4891,999,4.9,25,7,307,352,562,3167,25,18,5.2,176,386,1724,13,4.5,99,96,789,32,30.5,13.2,-61.83,0
2017,27,Oakland Raiders,8,"$28,235,000",6,10,0.375,301,373,-72,16,5185,952,5.4,28,14,287,347,558,3631,23,14,6.2,178,370,1554,13,4.2,78,114,1009,31,29.2,15.2,-84.71,1
2017,28,Arizona Cardinals,18,"$37,630,000",8,8,0.5,295,361,-66,16,5026,1060,4.7,25,7,310,339,598,3640,21,18,5.6,200,410,1386,6,3.4,66,110,880,44,29.2,12.4,-185.97,1
2017,29,Kansas City Chiefs,11,"$26,990,000",10,6,0.625,415,339,76,16,6007,985,6.1,11,3,322,363,543,4104,26,8,7.1,198,405,1903,12,4.7,95,118,1044,29,44.9,6.3,-22.58,1
2017,30,Houston Texans,6,"$17,325,000",4,12,0.25,338,436,-98,16,5120,1027,5.0,28,11,313,299,525,3278,28,17,5.7,180,448,1842,8,4.1,86,124,1050,47,29.2,14.6,-78.81,0
2017,31,Cincinnati Bengals,6,"$12,530,000",7,9,0.438,290,349,-59,16,4488,927,4.8,23,11,267,304,510,3122,25,12,5.7,165,377,1366,6,3.6,72,110,1027,30,26.5,11.4,-108.45,0
2017,32,Pittsburgh Steelers,7,"$18,730,000",13,3,0.813,406,308,98,16,6047,1051,5.8,20,5,348,384,590,4380,29,15,7.1,217,437,1667,12,3.8,96,101,897,35,43.0,10.6,-32.55,1
2018,1,New York Jets,30,"$202,180,000",4,12,0.25,333,441,-108,16,4787,971,4.9,30,11,258,299,524,3165,18,19,5.6,157,410,1622,11,4.0,84,114,948,17,32.0,14.7,-97.45,1
2018,2,Chicago Bears,19,"$175,435,000",12,4,0.75,421,283,138,16,5502,1013,5.4,24,10,331,344,512,3564,28,14,6.5,177,468,1938,16,4.1,108,97,796,46,36.8,13.2,96.31,1
2018,3,Minnesota Vikings,14,"$104,673,000",8,7,0.531,360,341,19,16,5529,1003,5.5,20,10,310,425,606,4036,30,10,6.2,218,357,1493,9,4.2,66,92,779,26,32.4,10.6,7.47,1
2018,4,Tennessee Titans,12,"$144,277,000",9,7,0.563,310,303,7,16,5002,940,5.3,18,6,289,293,437,2975,16,12,6.1,156,456,2027,15,4.4,106,82,727,27,34.9,10.2,10.48,1
2018,5,San Francisco 49ers,10,"$124,500,000",4,12,0.25,342,435,-93,16,5769,1003,5.8,32,12,344,331,532,3867,26,20,6.7,201,423,1902,7,4.5,98,112,982,45,37.0,17.1,20.95,0
2018,6,Kansas City Chiefs,15,"$123,005,000",12,4,0.75,565,421,144,16,6810,996,6.8,18,6,384,385,583,4955,50,12,8.1,239,387,1855,16,4.8,108,137,1152,37,52.6,10.5,298.14,0
2018,7,Cleveland Browns,13,"$134,990,000",7,8,0.469,359,392,-33,16,5900,1023,5.8,24,7,314,353,574,4007,29,17,6.5,189,411,1893,15,4.6,93,112,894,32,31.2,11.4,36.91,0
2018,8,Jacksonville Jaguars,10,"$115,605,000",5,11,0.313,245,316,-71,16,4832,1005,4.8,29,16,277,329,536,3109,15,13,5.3,164,416,1723,7,4.1,92,121,1112,21,25.0,15.6,-98.17,0
2018,9,Buffalo Bills,23,"$118,538,530",6,10,0.375,269,374,-105,16,4778,1008,4.7,32,9,283,271,499,2794,13,23,5.2,137,468,1984,15,4.2,108,116,992,38,26.4,15.5,-104.81,0
2018,10,Houston Texans,14,"$109,655,000",11,5,0.688,402,316,86,16,5802,1040,5.6,16,7,333,345,506,3781,26,9,6.7,202,472,2021,12,4.3,94,105,787,37,40.3,8.1,84.1,1
2018,11,New York Giants,15,"$100,840,000",5,11,0.313,369,412,-43,16,5697,984,5.8,19,7,297,382,583,4047,23,12,6.4,208,354,1650,13,4.7,71,114,951,18,38.4,9.6,70.53,0
2018,12,Tampa Bay Buccaneers,13,"$110,305,000",5,11,0.313,396,464,-68,16,6648,1055,6.3,35,9,388,408,625,5125,36,26,7.7,265,389,1523,11,3.9,80,117,975,43,37.0,19.0,121.14,1
2018,13,Oakland Raiders,30,"$95,115,000",4,12,0.25,290,467,-177,16,5379,995,5.4,24,14,300,382,556,3751,19,10,6.2,197,387,1628,9,4.2,86,110,965,17,31.3,13.6,-17.92,0
2018,14,Denver Broncos,7,"$70,015,000",6,10,0.375,329,349,-20,16,5602,1015,5.5,21,6,320,367,588,3695,19,15,5.9,181,393,1907,18,4.9,107,125,985,32,30.6,11.3,24.23,1
2018,15,Arizona Cardinals,12,"$85,985,000",3,13,0.188,225,425,-200,16,3865,902,4.3,28,10,239,283,495,2523,15,18,4.6,137,355,1342,9,3.8,76,101,786,26,19.3,15.0,-155.06,1
2018,16,New Orleans Saints,22,"$85,702,500",13,3,0.813,504,353,151,16,6067,1010,6.0,16,9,377,381,519,4042,33,7,7.5,210,471,2025,26,4.3,134,94,939,33,51.8,9.5,237.73,0
2018,17,Miami Dolphins,12,"$60,475,000",7,9,0.438,319,433,-114,16,4638,878,5.3,23,10,252,292,455,2900,26,13,5.7,153,371,1738,7,4.7,75,108,978,24,28.3,12.5,-40.39,0
2018,19,Detroit Lions,19,"$60,990,000",6,10,0.375,324,360,-36,16,5236,1019,5.1,19,7,325,375,574,3576,22,12,5.8,201,404,1660,11,4.1,91,94,852,33,35.3,11.0,39.87,1
2018,20,Green Bay Packers,8,"$51,375,000",6,9,0.406,376,400,-24,16,5905,1026,5.8,15,11,332,392,640,4238,25,4,6.1,208,333,1667,14,5.0,98,108,937,26,38.8,6.7,108.88,1
2018,21,Carolina Panthers,11,"$59,590,000",7,9,0.438,376,382,-6,16,5972,1011,5.9,22,6,356,378,563,3836,28,16,6.4,212,416,2136,17,5.1,117,92,818,27,37.0,12.1,117.24,0
2018,22,Indianapolis Colts,13,"$50,195,000",10,6,0.625,433,344,89,16,6179,1070,5.8,24,9,371,432,644,4461,39,15,6.7,237,408,1718,13,4.2,96,120,953,38,41.2,13.2,140.47,0
2018,23,Los Angeles Chargers,8,"$38,945,000",12,4,0.75,428,329,99,16,5962,945,6.3,19,7,338,348,512,4089,32,12,7.5,213,399,1873,16,4.7,100,113,967,25,42.4,10.0,170.19,0
2018,24,Baltimore Ravens,2,"$26,000,000",10,6,0.625,389,287,102,16,5999,1135,5.3,20,11,367,334,556,3558,18,9,6.1,184,547,2441,19,4.5,153,116,940,30,40.7,10.7,72.85,1
2018,25,Seattle Seahawks,17,"$43,405,000",10,6,0.625,428,347,81,16,5653,1012,5.6,11,4,329,280,427,3093,35,7,6.5,156,534,2560,15,4.8,133,111,959,40,39.8,6.1,128.78,1
2018,26,New England Patriots,16,"$41,697,500",11,5,0.688,436,325,111,16,6295,1073,5.9,18,7,365,378,574,4258,29,11,7.2,206,478,2037,18,4.3,131,93,744,28,40.8,9.2,190.96,1
2018,27,Los Angeles Rams,6,"$43,815,000",13,3,0.813,527,384,143,16,6738,1060,6.4,19,7,401,368,568,4507,32,12,7.5,236,459,2231,23,4.9,134,96,878,31,48.6,9.8,239.79,0
2018,28,Atlanta Falcons,12,"$24,660,000",7,9,0.438,414,423,-9,16,6226,1010,6.2,18,11,352,428,617,4653,36,7,7.1,238,351,1573,11,4.5,84,101,899,30,42.9,10.7,155.08,0
2018,29,Philadelphia Eagles,9,"$15,145,000",9,7,0.563,367,348,19,16,5845,1037,5.6,23,12,346,422,599,4275,29,11,6.7,221,398,1570,12,3.9,94,100,852,31,38.1,12.5,91.97,0
2018,30,Cincinnati Bengals,5,"$23,550,000",6,10,0.375,368,455,-87,16,4972,938,5.3,17,4,304,331,542,3290,27,13,5.7,182,359,1682,13,4.7,92,114,957,30,35.5,9.6,47.57,1
2018,31,Dallas Cowboys,7,"$23,780,000",10,6,0.625,339,324,15,16,5501,1022,5.4,17,9,322,356,527,3538,22,8,6.1,184,439,1963,13,4.5,113,104,885,25,37.9,10.1,83.04,1
2018,32,Pittsburgh Steelers,8,"$9,630,000",9,6,0.594,428,360,68,16,6453,1058,6.1,26,9,378,459,689,5008,35,17,7.0,251,345,1445,16,4.2,88,111,1026,39,36.8,14.3,156.16,1
2019,1,New York Jets,23,"$202,050,000",7,9,0.438,276,359,-83,16,4368,956,4.6,25,9,253,323,521,3111,19,16,5.4,162,383,1257,6,3.3,61,115,1105,30,23.3,11.6,-112.92,0
2019,2,Detroit Lions,19,"$173,060,000",3,12,0.219,341,423,-82,16,5549,1021,5.4,23,8,313,344,571,3900,28,15,6.4,196,407,1649,7,4.1,82,113,937,35,33.3,12.0,31.07,0
2019,3,Oakland Raiders,33,"$177,760,000",7,9,0.438,313,419,-106,16,5819,989,5.9,17,9,315,367,523,3926,22,8,7.1,194,437,1893,13,4.3,104,128,1138,17,32.7,9.7,79.57,0
2019,4,Buffalo Bills,22,"$182,400,000",10,6,0.625,314,259,55,16,5283,1018,5.2,19,7,314,299,513,3229,21,12,5.8,162,465,2054,13,4.4,120,117,927,32,30.1,10.2,6.66,0
2019,5,Denver Broncos,13,"$120,980,000",7,9,0.438,282,316,-34,16,4777,954,5.0,16,6,279,312,504,3115,16,10,5.7,162,409,1662,11,4.1,77,110,912,40,32.4,9.2,-14.61,1
2019,6,Jacksonville Jaguars,21,"$132,585,000",6,10,0.375,300,397,-97,16,5468,1020,5.4,20,12,298,364,589,3760,24,8,6.0,183,389,1708,3,4.4,85,132,1165,30,33.9,10.2,-23.15,0
2019,7,Green Bay Packers,8,"$186,430,000",13,3,0.813,376,313,63,16,5528,1020,5.4,13,9,320,356,573,3733,26,4,6.1,190,411,1795,18,4.4,90,100,774,40,37.3,6.8,113.4,0
2019,8,Arizona Cardinals,29,"$110,265,000",5,10,0.344,361,442,-81,16,5467,1000,5.5,18,6,314,355,554,3477,20,12,5.8,176,396,1990,18,5.0,109,121,956,29,38.8,10.1,64.36,0
2019,9,Tennessee Titans,8,"$108,030,000",9,7,0.563,402,331,71,16,5805,949,6.1,17,9,317,297,448,3582,29,8,7.1,177,445,2223,21,5.0,104,99,932,36,31.4,8.6,115.88,1
2019,10,Baltimore Ravens,18,"$85,975,000",14,2,0.875,531,282,249,16,6521,1064,6.1,15,7,386,289,440,3225,37,8,6.9,171,596,3296,21,5.5,188,109,867,27,51.8,8.4,239.99,0
2019,11,San Francisco 49ers,16,"$87,070,000",13,3,0.813,479,310,169,16,6097,1012,6.0,23,10,336,331,478,3792,28,13,7.4,195,498,2305,23,4.6,110,105,939,31,44.3,12.0,140.39,0
2019,12,New England Patriots,28,"$77,946,000",12,4,0.75,420,225,195,16,5664,1095,5.2,15,6,338,378,620,3961,25,9,6.1,197,447,1703,17,3.8,110,94,828,31,36.3,7.4,34.62,1
2019,13,New Orleans Saints,30,"$82,895,000",13,3,0.813,458,341,117,16,5982,1011,5.9,8,2,347,418,581,4244,36,6,7.0,230,405,1738,12,4.3,97,120,1036,20,46.2,4.0,163.04,0
2019,14,New York Giants,22,"$66,140,000",4,12,0.25,341,451,-110,16,5416,1012,5.4,33,16,311,376,607,3731,30,17,5.7,187,362,1685,11,4.7,89,90,784,35,28.6,17.8,-10.3,0
2019,15,Cleveland Browns,11,"$70,250,000",6,10,0.375,335,393,-58,16,5455,973,5.6,28,7,305,318,539,3554,22,21,6.1,180,393,1901,15,4.8,90,122,1106,35,33.9,14.8,13.54,1
2019,16,Philadelphia Eagles,17,"$55,840,000",9,7,0.563,385,354,31,16,5772,1104,5.2,23,15,354,391,613,3833,27,8,5.9,215,454,1939,16,4.3,104,100,836,35,34.8,10.7,59.85,1
2019,17,Atlanta Falcons,17,"$71,180,000",7,9,0.438,381,399,-18,16,6075,1096,5.5,25,10,383,459,684,4714,29,15,6.4,258,362,1361,10,3.8,84,119,956,41,40.8,13.2,95.51,0
2019,18,Indianapolis Colts,13,"$40,075,000",7,9,0.438,361,373,-12,16,5238,1016,5.2,21,11,340,307,513,3108,22,10,5.7,165,471,2130,17,4.5,131,79,670,44,36.3,11.3,74.8,0
2019,19,Houston Texans,17,"$55,035,000",10,6,0.625,378,385,-7,16,5792,1017,5.7,22,8,346,355,534,3783,27,14,6.5,203,434,2009,17,4.6,112,111,892,31,37.9,12.4,118.67,0
2019,20,Seattle Seahawks,18,"$64,380,000",11,5,0.688,405,398,7,16,5991,1046,5.7,20,14,341,341,517,3791,31,6,6.7,190,481,2200,15,4.6,121,109,882,30,36.5,10.6,86.55,0
2019,21,Carolina Panthers,16,"$56,880,000",5,11,0.313,340,470,-130,16,5469,1077,5.1,35,14,335,382,633,3650,17,21,5.3,230,386,1819,20,4.7,82,87,754,23,32.3,16.7,-28.07,1
2019,22,Tampa Bay Buccaneers,18,"$41,435,000",7,9,0.438,458,449,9,16,6366,1086,5.9,41,11,353,382,630,4845,33,30,7.2,244,409,1521,15,3.7,81,133,1111,28,37.9,20.2,37.0,1
2019,23,Pittsburgh Steelers,9,"$65,471,000",8,8,0.5,289,303,-14,16,4428,937,4.7,30,11,265,315,510,2981,18,19,5.5,147,395,1447,7,3.7,75,111,893,43,28.9,16.0,-85.56,0
2019,24,Kansas City Chiefs,16,"$38,800,000",12,4,0.75,451,308,143,16,6067,976,6.2,15,10,350,378,576,4498,30,5,7.5,211,375,1569,16,4.2,93,107,1029,46,48.8,7.9,263.38,1
2019,25,Chicago Bears,13,"$46,285,000",8,8,0.5,280,298,-18,16,4749,1020,4.7,19,7,297,371,580,3291,20,12,5.3,178,395,1458,8,3.7,85,103,838,34,29.1,10.3,-41.05,0
2019,26,Los Angeles Chargers,11,"$39,575,000",5,11,0.313,337,345,-8,16,5879,997,5.9,31,11,349,394,597,4426,24,20,7.0,220,366,1453,12,4.0,90,103,872,39,38.8,18.1,82.43,0
2019,27,Minnesota Vikings,11,"$35,735,000",10,6,0.625,407,303,104,16,5656,970,5.8,20,12,314,319,466,3523,26,8,7.1,171,476,2133,19,4.5,106,96,895,37,41.6,10.4,98.01,0
2019,28,Los Angeles Rams,4,"$21,557,050",9,7,0.563,394,364,30,16,5998,1055,5.7,24,7,342,397,632,4499,22,17,6.9,222,401,1499,20,3.7,92,118,899,28,35.7,13.0,37.09,0
2019,29,Cincinnati Bengals,8,"$36,070,000",2,14,0.125,279,420,-141,16,5169,1049,4.9,30,14,312,356,616,3652,18,16,5.5,191,385,1517,9,3.9,85,93,761,36,29.8,15.5,-60.73,1
2019,30,Miami Dolphins,17,"$37,280,000",5,11,0.313,306,494,-188,16,4960,1022,4.9,26,8,315,371,615,3804,22,18,5.7,210,349,1156,10,3.3,64,92,769,41,30.2,13.7,-28.85,0
2019,31,Dallas Cowboys,11,"$25,190,000",8,8,0.5,434,321,113,16,6904,1069,6.5,18,7,379,388,597,4751,30,11,7.7,229,449,2153,18,4.8,120,109,1008,30,44.6,10.3,210.77,1
2020,1,Miami Dolphins,13,"$236,757,500",10,6,0.625,404,338,66,16,5424,1021,5.3,20,7,345,370,559,3736,24,13,6.3,207,428,1688,15,3.9,100,74,635,38,41.4,11.0,61.96,0
2020,2,Las Vegas Raiders,20,"$128,530,000",8,8,0.5,434,478,-44,16,6133,1036,5.9,26,16,359,369,551,4217,28,10,7.3,206,457,1916,20,4.2,121,98,856,32,47.9,14.8,147.62,0
2020,3,Cleveland Browns,16,"$126,220,000",11,5,0.688,408,419,-11,16,5913,1022,5.8,16,8,355,315,501,3539,27,8,6.7,195,495,2374,21,4.8,133,100,870,27,40.6,9.7,159.48,1
2020,4,New York Giants,23,"$110,052,500",6,10,0.375,280,357,-77,16,4794,966,5.0,22,11,297,321,517,3026,12,11,5.3,178,399,1768,13,4.4,91,81,634,28,33.5,12.6,-26.79,1
2020,5,Tampa Bay Buccaneers,16,"$75,290,000",11,5,0.688,492,355,137,16,6145,1017,6.0,17,5,364,410,626,4626,42,12,7.1,238,369,1519,16,4.1,82,84,715,44,47.8,8.9,246.24,0
2020,6,Carolina Panthers,18,"$126,867,500",5,11,0.313,350,402,-52,16,5592,993,5.6,21,5,335,373,550,3888,16,16,6.6,192,407,1704,19,4.2,110,95,752,33,40.3,13.2,81.2,0
2020,7,Detroit Lions,16,"$120,100,000",5,11,0.313,377,519,-142,16,5603,991,5.7,21,8,350,374,582,4104,27,13,6.6,220,367,1499,17,4.1,93,95,860,37,38.5,11.2,94.78,1
2020,8,New York Jets,18,"$95,277,500",2,14,0.125,243,457,-214,16,4479,948,4.7,19,5,269,292,499,2796,16,14,5.2,146,406,1683,9,4.1,94,101,952,29,26.3,10.9,-59.07,1
2020,9,Denver Broncos,13,"$89,735,000",5,11,0.313,323,446,-123,16,5369,1030,5.2,32,9,308,317,556,3451,21,23,5.9,176,442,1918,13,4.3,94,81,670,38,33.0,17.0,-21.82,1
2020,10,Buffalo Bills,16,"$97,622,500",13,3,0.813,501,375,126,16,6343,1034,6.1,22,11,397,410,596,4620,40,11,7.4,240,411,1723,16,4.2,119,102,941,38,49.4,11.8,228.66,0
2020,11,Chicago Bears,21,"$103,665,000",8,8,0.5,372,370,2,16,5302,1043,5.1,22,6,335,402,614,3655,26,16,5.6,218,393,1647,12,4.2,93,88,777,24,38.9,12.0,34.92,1
2020,12,Cincinnati Bengals,17,"$137,395,000",4,11,0.281,311,424,-113,16,5116,1040,4.9,24,13,318,372,581,3448,19,11,5.5,201,411,1668,13,4.1,92,83,675,25,33.0,12.8,-5.13,1
2020,13,Los Angeles Chargers,7,"$70,020,000",7,9,0.438,384,426,-42,16,6113,1127,5.4,16,6,373,413,627,4329,31,10,6.5,226,466,1784,12,3.8,111,85,710,36,38.3,8.6,129.6,0
2020,15,Jacksonville Jaguars,19,"$97,945,000",1,15,0.063,306,492,-186,16,5218,997,5.2,25,9,310,387,616,3699,25,16,5.6,205,337,1519,9,4.5,80,107,1071,25,30.4,14.0,-6.12,1
2020,16,Arizona Cardinals,23,"$68,545,000",8,8,0.5,410,367,43,16,6153,1083,5.7,21,8,381,387,575,3916,27,13,6.5,211,479,2237,22,4.7,136,113,868,34,40.2,11.7,103.62,1
2020,17,Atlanta Falcons,14,"$60,342,500",4,12,0.25,396,414,-18,16,5895,1078,5.5,18,7,366,408,628,4363,27,11,6.5,243,409,1532,13,3.7,86,83,736,37,44.8,10.3,129.77,1
2020,18,Philadelphia Eagles,9,"$49,747,500",4,11,0.281,334,418,-84,16,5354,1066,5.0,29,9,336,334,598,3327,22,20,5.0,177,403,2027,16,5.0,114,107,853,45,27.9,15.3,-13.65,1
2020,19,New Orleans Saints,21,"$75,005,000",12,4,0.75,482,337,145,16,6023,1045,5.8,17,9,367,370,522,3758,28,8,6.8,199,494,2265,30,4.6,147,98,1005,21,45.5,9.0,176.94,0
2020,20,Houston Texans,9,"$52,780,000",4,12,0.25,384,464,-80,16,6004,940,6.4,18,11,326,383,546,4538,33,7,7.6,222,344,1466,10,4.3,83,80,619,21,42.9,9.8,140.22,0
2020,21,Tennessee Titans,19,"$40,527,500",11,5,0.688,491,439,52,16,6343,1031,6.2,12,5,381,316,485,3653,33,7,7.2,203,521,2690,26,5.2,142,86,783,36,47.9,7.2,245.01,0
2020,22,Indianapolis Colts,12,"$37,317,500",11,5,0.688,451,362,89,16,6049,1032,5.9,15,4,364,371,552,4053,24,11,7.1,201,459,1996,20,4.3,129,94,899,34,44.4,8.8,168.41,1
2020,23,Minnesota Vikings,12,"$43,845,000",7,9,0.438,430,475,-45,16,6292,1023,6.2,23,10,383,349,516,4009,35,13,7.2,212,468,2283,20,4.9,139,82,650,32,39.8,12.5,157.7,0
2020,24,Seattle Seahawks,14,"$44,565,000",12,4,0.75,459,371,88,16,5912,1022,5.8,18,5,356,388,563,3941,40,13,6.5,216,411,1971,15,4.8,111,84,662,29,44.4,10.1,129.24,0
2020,25,Dallas Cowboys,14,"$49,720,000",6,10,0.375,395,473,-78,16,5949,1113,5.3,26,13,371,413,639,4161,25,13,6.1,231,430,1788,14,4.2,115,96,849,25,40.6,14.4,58.97,1
2020,26,Los Angeles Rams,5,"$29,475,000",10,6,0.625,372,296,76,16,6032,1088,5.5,25,11,352,392,590,4014,20,14,6.5,206,473,2018,19,4.3,123,71,655,23,34.2,12.5,57.24,0
2020,27,Kansas City Chiefs,17,"$18,514,500",14,2,0.875,473,362,111,16,6653,1057,6.3,16,9,397,420,630,4854,40,7,7.4,255,403,1799,13,4.5,110,105,919,32,47.9,9.2,280.82,1
2020,28,Pittsburgh Steelers,12,"$28,605,000",12,4,0.75,416,312,104,16,5354,1043,5.1,18,7,322,428,656,4003,35,11,6.0,206,373,1351,12,3.6,81,81,691,35,37.2,8.5,78.22,1
2020,29,Baltimore Ravens,12,"$16,840,000",11,5,0.688,468,303,165,16,5810,993,5.9,18,7,327,257,406,2739,27,11,6.3,142,555,3071,24,5.5,166,104,961,19,45.3,10.6,148.3,1
2020,30,Green Bay Packers,6,"$16,500,000",13,3,0.813,509,369,140,16,6224,990,6.3,11,6,358,372,526,4106,48,5,7.5,216,443,2118,16,4.8,114,84,684,28,49.7,5.6,290.75,0
2020,31,New England Patriots,16,"$24,445,000",7,9,0.438,326,353,-27,16,5236,979,5.3,19,5,332,283,440,2890,12,14,6.1,157,502,2346,20,4.7,143,62,534,32,36.9,12.1,55.88,0
2020,32,San Francisco 49ers,15,"$15,400,000",6,10,0.375,376,390,-14,16,5922,1046,5.7,31,14,350,371,570,4033,25,17,6.6,217,437,1889,19,4.3,101,85,731,32,36.3,14.8,55.7,1
2021,1,New England Patriots,29,"$290,826,000",10,7,0.588,462,303,159,17,6008,1052,5.7,23,10,362,364,535,3857,24,13,6.9,187,489,2151,24,4.4,139,95,854,36,48.0,12.6,126.97,1
2021,2,Jacksonville Jaguars,29,"$165,990,000",3,14,0.176,253,457,-204,17,5191,1028,5.0,29,12,304,361,604,3436,12,17,5.4,178,392,1755,13,4.5,92,104,856,34,26.4,15.7,-42.52,1
2021,3,New York Jets,23,"$134,785,000",4,13,0.235,310,504,-194,17,5208,1036,5.0,27,7,310,357,603,3541,20,20,5.4,195,380,1667,14,4.4,87,103,860,28,29.4,14.4,-32.71,0
2021,4,New York Giants,28,"$155,225,000",4,13,0.235,258,416,-158,17,4884,1050,4.7,30,10,299,351,593,3196,15,20,5.1,171,419,1688,8,4.0,90,88,674,38,27.5,15.9,-100.13,0
2021,5,San Francisco 49ers,31,"$194,130,000",10,7,0.588,427,365,62,17,6387,1046,6.1,24,10,361,343,514,4221,26,14,7.7,200,499,2166,22,4.3,130,102,1066,31,41.2,11.5,130.03,0
2021,6,Kansas City Chiefs,15,"$102,647,500",12,5,0.706,480,364,116,17,6746,1134,5.9,25,12,419,448,675,4791,37,13,6.8,267,431,1955,16,4.5,119,111,925,33,48.2,13.7,261.77,1
2021,7,Tennessee Titans,35,"$157,672,500",12,5,0.706,419,354,65,17,5822,1133,5.1,25,11,362,359,535,3418,22,14,5.9,194,551,2404,23,4.4,134,103,973,34,38.9,13.0,79.19,0
2021,9,Las Vegas Raiders,27,"$75,132,500",10,7,0.588,374,439,-65,17,6184,1082,5.7,24,10,349,429,628,4567,23,14,6.8,217,414,1617,14,3.9,95,124,1104,37,41.0,12.8,77.89,0
2021,10,Los Angeles Chargers,18,"$100,885,000",9,8,0.529,474,459,15,17,6634,1128,5.9,22,7,401,443,674,4800,38,15,6.8,256,423,1834,18,4.3,112,116,1033,33,45.7,12.0,164.91,0
2021,11,Cleveland Browns,19,"$74,570,000",8,9,0.471,349,371,-22,17,5791,1054,5.5,22,8,342,320,520,3320,21,14,5.8,177,485,2471,20,5.1,138,112,1035,27,32.2,12.4,58.49,1
2021,12,Carolina Panthers,24,"$84,252,500",5,12,0.294,304,404,-100,17,5081,1106,4.6,29,8,322,348,599,3239,14,21,5.0,174,455,1842,17,4.0,118,107,864,30,29.2,14.9,-92.1,0
2021,13,Baltimore Ravens,14,"$76,912,500",8,9,0.471,387,392,-5,17,6440,1185,5.4,26,8,394,396,611,3961,21,18,5.9,209,517,2479,18,4.8,159,102,852,26,38.5,13.3,59.67,1
2021,14,Detroit Lions,25,"$73,532,500",3,13,0.206,325,467,-142,17,5484,1056,5.2,23,9,329,396,593,3598,23,14,5.7,193,427,1886,12,4.4,104,105,824,32,34.3,12.9,6.87,1
2021,15,Arizona Cardinals,27,"$67,282,500",11,6,0.647,449,366,83,17,6352,1126,5.6,15,4,367,415,591,4276,27,11,6.8,214,496,2076,23,4.2,127,114,990,26,44.7,7.8,119.94,0
2021,16,Tampa Bay Buccaneers,22,"$60,555,000",13,4,0.765,511,353,158,17,6901,1139,6.1,19,7,404,492,731,5229,43,12,6.9,273,385,1672,18,4.3,106,97,874,25,44.3,9.8,216.14,1
2021,17,Seattle Seahawks,20,"$71,500,000",7,10,0.412,395,366,29,17,5506,954,5.8,13,6,302,324,495,3432,30,7,6.3,166,413,2074,18,5.0,106,97,803,30,34.8,7.0,101.56,1
2021,18,Denver Broncos,16,"$60,510,000",7,10,0.412,335,322,13,17,5618,1036,5.4,18,9,331,354,541,3593,20,9,6.2,179,455,2025,16,4.5,124,83,711,28,36.9,9.5,61.32,1
2021,19,Cincinnati Bengals,17,"$129,560,000",10,7,0.588,460,376,84,17,6145,1046,5.9,21,7,337,384,555,4403,36,14,7.2,208,436,1742,16,4.0,96,72,620,33,42.6,10.0,118.5,0
2021,20,Miami Dolphins,24,"$54,737,511",9,8,0.529,341,373,-32,17,5219,1097,4.8,26,12,325,404,615,3651,21,14,5.6,206,442,1568,12,3.5,87,105,825,32,30.1,12.4,-11.96,1
2021,21,Houston Texans,37,"$91,600,000",4,13,0.235,280,452,-172,17,4727,1010,4.7,22,7,266,354,546,3305,21,15,5.6,162,420,1422,8,3.4,77,114,978,27,26.6,11.2,-74.29,1
2021,22,Chicago Bears,24,"$45,475,000",6,11,0.353,311,407,-96,17,5225,1075,4.9,29,9,333,332,542,3207,16,20,5.3,180,475,2018,14,4.2,119,106,919,34,31.5,15.2,-40.89,1
2021,23,Indianapolis Colts,19,"$39,137,500",9,8,0.529,451,365,86,17,5901,1052,5.6,19,11,354,324,521,3361,27,8,6.1,167,499,2540,22,5.1,154,76,688,33,43.3,8.9,127.06,0
2021,24,Dallas Cowboys,15,"$37,452,500",12,5,0.706,530,358,172,17,6919,1153,6.0,20,9,390,444,647,4800,40,11,7.1,248,473,2119,15,4.5,111,127,1103,31,43.8,9.9,158.06,1
2021,25,Pittsburgh Steelers,22,"$43,870,000",9,7,0.559,343,398,-55,17,5361,1113,4.8,20,9,323,425,664,3778,23,11,5.4,204,411,1583,10,3.9,85,106,831,34,34.7,9.5,-14.49,0
2021,26,Minnesota Vikings,20,"$30,490,000",8,9,0.471,425,426,-1,17,6168,1083,5.7,13,6,332,398,604,4238,34,7,6.7,202,449,1930,10,4.3,103,111,1043,27,39.3,6.6,72.05,1
2021,27,Buffalo Bills,21,"$32,492,500",11,6,0.647,483,289,194,17,6493,1143,5.7,22,6,398,415,655,4284,36,16,6.3,236,461,2209,20,4.8,134,113,980,28,45.2,11.3,216.68,0
2021,28,New Orleans Saints,28,"$40,467,500",9,8,0.529,364,335,29,17,5177,1051,4.9,18,5,307,293,504,3186,29,13,5.9,165,510,1991,12,3.9,113,98,811,29,33.7,8.7,-11.97,0
2021,29,Philadelphia Eagles,12,"$22,590,000",9,8,0.529,444,385,59,17,6119,1075,5.7,16,6,352,307,494,3404,20,10,6.5,167,550,2715,25,4.9,163,107,842,22,43.4,9.2,113.05,0
2021,30,Atlanta Falcons,21,"$24,370,000",7,10,0.412,313,459,-146,17,5164,1006,5.1,26,11,306,377,573,3713,20,15,6.1,196,393,1451,11,3.7,75,92,753,35,32.8,14.7,-18.38,0
2021,31,Green Bay Packers,15,"$22,665,000",13,4,0.765,450,371,79,17,6215,1072,5.8,13,6,375,402,593,4315,39,7,6.9,235,446,1900,13,4.3,109,69,678,31,44.5,6.4,180.42,0
2021,32,Los Angeles Rams,6,"$8,870,000",12,5,0.706,460,372,88,17,6325,1058,6.0,23,5,355,406,607,4642,41,18,7.3,233,420,1683,10,4.0,99,76,637,23,45.9,12.2,161.53,0
2022,1,Jacksonville Jaguars,13,"$268,205,000",9,8,0.529,404,350,54,17,6075,1072,5.7,22,13,352,394,596,3959,25,9,6.3,208,448,2116,16,4.7,114,90,674,30,39.2,12.2,103.21,0
2022,2,Miami Dolphins,21,"$172,857,500",9,8,0.529,397,399,-2,17,6197,1009,6.1,21,6,342,368,584,4511,30,15,7.3,220,390,1686,12,4.3,93,111,881,29,38.8,11.8,79.06,1
2022,3,Buffalo Bills,18,"$172,235,000",13,3,0.813,455,286,169,16,6361,1037,6.1,27,13,367,361,574,4129,35,14,6.8,212,430,2232,15,5.2,128,92,709,27,45.0,15.2,157.46,0
2022,4,New York Jets,14,"$174,575,000",7,10,0.412,296,316,-20,17,5409,1074,5.0,23,9,294,357,627,3723,15,14,5.6,191,405,1686,13,4.2,79,91,866,24,29.9,11.9,-47.59,1
2022,5,Los Angeles Chargers,13,"$148,292,500",10,7,0.588,391,384,7,17,6108,1154,5.3,19,9,352,485,711,4584,26,10,6.1,232,404,1524,15,3.8,93,81,635,27,38.1,9.5,75.75,0
2022,6,Philadelphia Eagles,13,"$98,725,000",14,3,0.824,477,344,133,17,6614,1124,5.9,19,10,385,350,536,4105,25,9,7.1,195,544,2509,32,4.6,161,90,682,29,42.5,10.2,226.96,0
2022,7,New Orleans Saints,19,"$105,970,500",7,10,0.412,330,345,-15,17,5674,1015,5.6,25,11,305,338,512,3692,24,14,6.7,181,465,1982,12,4.3,103,99,841,21,31.7,12.9,17.3,0
2022,8,Baltimore Ravens,15,"$125,025,000",10,7,0.588,350,315,35,17,5760,1052,5.5,21,8,337,300,488,3040,19,13,5.8,149,526,2720,14,5.2,167,82,678,21,38.9,11.7,48.17,1
2022,9,Carolina Panthers,18,"$110,370,000",7,10,0.412,347,374,-27,17,5206,976,5.3,21,8,281,267,457,2996,16,13,6.1,138,483,2210,16,4.6,119,104,862,24,35.3,9.6,-5.06,1
2022,10,Las Vegas Raiders,29,"$102,299,500",6,11,0.353,395,418,-23,17,5993,1049,5.7,21,4,343,359,586,3934,28,17,6.3,193,428,2059,12,4.8,122,113,932,28,42.4,12.2,74.09,0
2022,11,Tampa Bay Buccaneers,16,"$85,517,500",8,9,0.471,313,358,-45,17,5894,1159,5.1,22,12,346,499,751,4586,26,10,5.9,240,386,1308,5,3.4,79,99,793,27,32.0,10.3,1.03,1
2022,12,Kansas City Chiefs,15,"$84,870,000",14,3,0.824,496,369,127,17,7032,1094,6.4,23,11,408,435,651,5062,41,12,7.5,272,417,1970,18,4.7,105,87,838,31,46.4,10.1,281.0,0
2022,13,Los Angeles Rams,5,"$99,465,000",5,12,0.294,307,384,-77,17,4769,1001,4.8,23,8,293,347,531,3108,16,15,5.3,181,411,1661,15,4.0,89,76,655,23,33.5,13.1,-7.51,0
2022,14,San Francisco 49ers,18,"$75,295,000",13,4,0.765,450,277,173,17,6216,1047,5.9,17,8,347,338,512,3856,30,9,7.1,188,504,2360,20,4.7,132,94,730,27,41.4,9.1,161.29,1
2022,15,Minnesota Vikings,18,"$97,490,000",13,4,0.765,424,427,-3,17,6145,1123,5.5,23,8,382,448,672,4484,30,15,6.2,244,404,1661,18,4.1,93,88,684,45,36.0,11.7,89.64,1
2022,16,Denver Broncos,15,"$53,480,000",5,12,0.294,287,359,-72,17,5527,1078,5.1,24,9,300,345,571,3592,18,15,5.7,166,444,1935,11,4.4,105,113,970,29,28.6,10.6,-41.62,1
2022,17,Pittsburgh Steelers,14,"$100,402,500",9,8,0.529,308,346,-38,17,5484,1109,4.9,19,5,345,364,571,3411,12,14,5.6,189,500,2073,16,4.1,129,94,711,27,35.0,9.6,42.17,0
2022,18,Houston Texans,23,"$73,065,000",3,13,0.206,289,420,-131,17,4820,1015,4.7,28,9,277,352,579,3344,20,19,5.4,159,398,1476,7,3.7,90,88,644,28,28.8,13.6,-120.59,1
2022,19,Atlanta Falcons,29,"$74,377,500",7,10,0.412,365,386,-21,17,5417,1011,5.4,21,12,330,257,415,2699,17,9,6.0,148,559,2718,17,4.9,152,68,594,30,39.5,11.4,73.69,1
2022,20,Chicago Bears,19,"$56,715,000",3,14,0.176,326,463,-137,17,5233,993,5.3,25,10,278,223,377,2219,19,15,5.1,109,558,3014,18,5.4,148,80,754,21,34.3,12.7,-7.14,0
2022,21,Seattle Seahawks,10,"$48,605,000",9,8,0.529,407,401,6,17,5976,1044,5.7,23,11,346,399,573,3934,30,12,6.4,206,425,2042,12,4.8,106,106,854,34,40.6,11.2,63.6,0
2022,22,Cincinnati Bengals,13,"$93,975,000",12,4,0.75,418,322,96,16,5768,1053,5.5,18,6,357,418,610,4240,35,12,6.5,221,399,1528,14,3.8,96,81,623,40,41.5,9.7,147.62,1
2022,23,Cleveland Browns,19,"$46,927,500",7,10,0.412,361,381,-20,17,5934,1116,5.3,21,9,350,335,540,3444,19,12,5.9,182,532,2490,19,4.7,142,102,865,26,34.6,11.2,58.03,1
2022,24,New York Giants,23,"$51,815,000",9,7,0.559,365,371,-6,17,5676,1089,5.2,16,10,352,346,520,3157,17,6,5.5,170,520,2519,21,4.8,150,106,827,32,37.3,7.3,78.05,1
2022,25,Dallas Cowboys,11,"$42,965,000",12,5,0.706,467,342,125,17,6034,1114,5.4,23,5,347,355,556,3736,28,18,6.4,194,531,2298,24,4.3,129,104,842,24,41.5,10.8,112.34,0
2022,26,Indianapolis Colts,14,"$42,192,500",4,12,0.265,289,427,-138,17,5298,1103,4.8,34,14,310,398,604,3432,17,20,5.2,193,439,1866,8,4.3,91,89,794,26,29.2,16.9,-110.46,0
2022,27,Washington Commanders,10,"$32,500,000",8,8,0.5,321,343,-22,17,5615,1140,4.9,23,7,339,344,554,3472,24,16,5.8,184,538,2143,9,4.0,124,92,805,31,29.4,11.7,-24.27,0
2022,28,Tennessee Titans,16,"$30,210,000",7,10,0.412,298,359,-61,17,5045,992,5.1,23,12,277,285,456,2914,16,11,5.8,153,487,2131,16,4.4,104,111,956,20,27.9,10.5,-27.22,1
2022,29,Detroit Lions,10,"$20,552,500",9,8,0.529,453,427,26,17,6460,1092,5.9,15,8,376,383,588,4281,29,7,7.0,228,480,2179,23,4.5,114,90,773,34,43.2,8.0,162.04,0
2022,30,New England Patriots,6,"$27,315,000",8,9,0.471,364,347,17,17,5348,1006,5.3,23,9,288,358,540,3536,19,14,6.1,166,425,1812,12,4.3,98,104,841,24,32.8,12.0,-25.81,0
2022,31,Green Bay Packers,7,"$36,015,000",8,9,0.471,370,371,-1,17,5745,1051,5.5,22,10,334,364,563,3632,27,12,6.1,186,456,2113,12,4.6,116,89,747,32,36.2,11.3,68.9,0
2022,32,Arizona Cardinals,17,"$19,362,500",4,13,0.235,340,449,-109,17,5499,1144,4.8,25,8,326,433,664,3626,17,17,5.1,189,434,1873,15,4.3,115,118,916,22,32.1,12.8,-36.27,0
2023,1,Denver Broncos,19,"$254,995,000",8,9,0.471,357,413,-56,17,5072,1016,5.0,22,13,301,337,513,3262,28,9,5.8,154,451,1810,8,4.0,116,99,749,31,34.9,10.6,7.68,1
2023,2,New Orleans Saints,19,"$215,949,000",9,8,0.529,402,327,75,17,5732,1121,5.1,18,7,337,406,606,3990,28,11,6.2,199,480,1742,13,3.6,112,96,846,26,36.6,8.2,46.88,1
2023,3,Chicago Bears,17,"$178,907,500",7,10,0.412,360,379,-19,17,5495,1097,5.0,25,10,322,321,513,3096,19,15,5.5,169,534,2399,16,4.5,137,99,853,16,38.0,13.0,-10.73,0
2023,4,Atlanta Falcons,24,"$214,465,000",7,10,0.412,321,373,-52,17,5683,1092,5.2,28,11,326,327,530,3524,17,17,6.2,181,522,2159,14,4.1,121,84,743,24,32.1,14.3,-32.52,1
2023,5,Las Vegas Raiders,30,"$179,823,750",8,9,0.471,332,331,1,17,4922,1010,4.9,24,6,292,348,557,3380,20,18,5.7,182,413,1542,11,3.7,83,75,629,27,31.8,13.4,-27.95,0
2023,6,Carolina Panthers,22,"$150,622,500",2,15,0.118,236,416,-180,17,4510,1096,4.1,20,10,297,350,586,2741,13,10,4.2,150,445,1769,7,4.0,111,103,845,36,25.0,11.1,-135.03,0
2023,7,Kansas City Chiefs,17,"$122,982,500",11,6,0.647,371,294,77,17,5972,1080,5.5,28,11,350,421,635,4188,28,17,6.3,216,417,1784,9,4.3,107,96,845,27,39.3,14.6,68.59,0
2023,8,Minnesota Vikings,22,"$109,770,000",7,10,0.412,344,362,-18,17,5912,1071,5.5,34,15,340,424,631,4359,30,19,6.4,220,393,1553,7,4.0,79,89,670,41,34.1,18.4,42.62,1
2023,9,Detroit Lions,20,"$114,962,500",12,5,0.706,461,395,66,17,6712,1137,5.9,23,11,375,408,606,4401,30,12,6.9,228,500,2311,27,4.6,124,97,843,23,40.6,11.8,160.58,0
2023,10,Cleveland Browns,17,"$120,797,500",11,6,0.647,396,362,34,17,5710,1187,4.8,37,14,325,355,624,3693,24,23,5.5,173,518,2017,15,3.9,121,115,897,31,32.9,16.2,-110.55,1
2023,11,San Francisco 49ers,22,"$132,460,000",12,5,0.706,491,298,193,17,6773,1024,6.6,18,6,383,336,491,4384,33,12,8.4,207,499,2389,27,4.8,147,101,933,29,45.3,10.1,231.48,1
2023,12,Houston Texans,28,"$96,192,500",10,7,0.588,377,353,24,17,5820,1083,5.4,14,6,329,372,592,4173,27,8,6.5,215,444,1647,10,3.7,84,114,937,30,37.2,7.3,54.44,1
2023,13,New England Patriots,19,"$105,675,000",4,13,0.235,236,366,-130,17,4696,1020,4.6,29,8,261,351,557,3069,16,21,5.1,153,415,1627,9,3.9,93,89,676,15,20.2,14.3,-157.57,0
2023,14,Philadelphia Eagles,20,"$88,497,500",11,6,0.647,433,428,5,17,6024,1112,5.4,28,12,377,369,563,3834,24,16,6.4,197,510,2190,22,4.3,149,95,785,31,42.9,15.3,100.97,1
2023,15,Seattle Seahawks,10,"$90,177,500",9,8,0.529,364,402,-38,17,5490,995,5.5,17,5,317,371,575,3910,23,12,6.4,189,382,1580,11,4.1,93,111,954,35,38.8,8.4,62.33,0
2023,16,Tennessee Titans,17,"$104,525,000",6,11,0.353,305,367,-62,17,4913,1002,4.9,20,9,298,304,494,3067,14,11,5.5,158,444,1846,16,4.2,103,110,882,37,32.6,9.4,3.82,0
2023,17,New York Jets,24,"$91,050,000",7,10,0.412,268,355,-87,17,4566,1053,4.3,33,18,260,356,601,2919,11,15,4.4,156,388,1647,7,4.2,77,124,945,27,26.0,13.9,-199.77,1
2023,18,Tampa Bay Buccaneers,17,"$91,335,000",9,8,0.529,348,325,23,17,5321,1047,5.1,18,8,300,364,568,3812,28,10,6.3,188,439,1509,8,3.4,79,100,751,33,35.5,9.8,49.53,1
2023,19,New York Giants,18,"$89,312,500",6,11,0.353,266,407,-141,17,4760,1057,4.5,19,7,267,338,518,2886,15,12,4.8,141,454,1874,10,4.1,97,89,711,29,23.6,8.5,-130.06,0
2023,20,Buffalo Bills,22,"$78,607,778",11,6,0.647,451,311,140,17,6366,1115,5.7,28,10,381,385,579,4154,29,18,6.9,199,512,2212,22,4.3,158,106,883,24,41.4,14.9,183.02,1
2023,21,Cincinnati Bengals,12,"$107,694,500",9,8,0.529,366,384,-18,17,5422,1048,5.2,16,2,329,420,615,3895,27,14,5.9,208,383,1527,12,4.0,90,76,614,31,34.6,8.5,41.53,1
2023,22,Pittsburgh Steelers,23,"$125,690,000",10,7,0.588,304,324,-20,17,5173,1029,5.0,16,7,287,323,506,3163,13,9,5.8,153,487,2010,16,4.1,115,86,753,19,29.9,7.7,-16.68,1
2023,23,Indianapolis Colts,18,"$79,597,500",9,8,0.529,396,415,-19,17,5725,1094,5.2,22,12,324,355,574,3666,18,10,6.0,178,479,2059,19,4.3,113,95,685,33,35.7,9.2,30.12,1
2023,24,Washington Commanders,15,"$74,287,500",4,13,0.235,329,518,-189,17,5317,1060,5.0,32,11,321,407,636,3725,24,21,5.3,190,359,1592,14,4.4,99,87,701,32,29.4,15.2,-29.99,0
2023,25,Miami Dolphins,23,"$56,895,000",11,6,0.647,496,391,105,17,6822,1053,6.5,25,10,360,393,566,4514,30,15,7.6,223,456,2308,27,5.1,113,97,767,24,43.5,13.4,128.9,1
2023,26,Arizona Cardinals,32,"$73,393,750",4,13,0.235,330,455,-125,17,5509,1068,5.2,18,6,330,355,555,3144,18,12,5.3,173,471,2365,17,5.0,127,101,859,30,35.0,9.4,-2.99,0
2023,27,Baltimore Ravens,18,"$43,817,500",13,4,0.765,483,280,203,17,6296,1076,5.9,19,12,360,328,494,3635,27,7,6.8,180,541,2661,26,4.9,145,102,955,35,43.1,9.6,130.64,1
2023,28,Dallas Cowboys,13,"$47,917,500",12,5,0.706,509,315,194,17,6317,1122,5.6,16,6,385,428,614,4397,36,10,6.7,229,468,1920,14,4.1,113,115,964,43,50.3,8.9,192.72,1
2023,29,Los Angeles Chargers,11,"$54,307,500",5,12,0.294,346,398,-52,17,5599,1106,5.1,21,13,319,409,632,3957,24,8,5.9,204,431,1642,11,3.8,89,79,725,26,34.7,10.5,-5.38,0
2023,30,Jacksonville Jaguars,13,"$28,679,500",9,8,0.529,377,371,6,17,5772,1114,5.2,30,16,336,412,620,4126,22,14,6.2,199,453,1646,17,3.6,98,83,644,39,35.4,14.9,13.64,1
2023,31,Los Angeles Rams,9,"$11,120,000",10,7,0.588,404,377,27,17,6108,1094,5.6,18,5,351,361,583,4063,26,13,6.6,206,477,2045,18,4.3,110,89,720,35,41.1,9.2,133.32,0
2023,32,Green Bay Packers,9,"$16,507,500",9,8,0.529,383,350,33,17,5873,1052,5.6,18,7,338,374,581,3968,32,11,6.5,211,441,1905,10,4.3,101,105,856,26,39.7,9.2,151.14,0
